id,date,title,link,content
1,2025-06-06,VEF chốt danh sách trả cổ tức với tỷ lệ 43.500 đồng/cổ phiếu,https://vneconomy.vn/vef-chot-danh-sach-tra-co-tuc-voi-ty-le-43-500-dong-co-phieu.htm,"CTCP Trung tâm Hội chợ Triển lãm Việt Nam - VEFAC (VEF-UPCoM) vừa thông báo chốt danh sách cổ đông để thực hiện quyền nhận cổ tức năm 2024 và tạ mứng cổ tức quý 1/2025.
Theo đó, VEF sẽ chi trả cổ tức từ lợi nhuận sau thuế chưa phân phối lũy kế đến ngày 31/12/2024: 135% vốn điều lệ (1 cp được nhận 13.500 đồng) và tạm ứng cổ tức đợt 1/2025 từ lợi nhuận sau thuế quý 1/2025 là 300%/cổ điều lệ (1 cp được nhận 30.000 đồng). Ngày đăng ký cuối cùng là ngày 13/6 và ngày thanh toán là ngày 4/7/2025.
Được biết, Trung tâm Hội chợ Triển lãm Việt Nam được thành lập từ những năm 1960, đã trải qua nhiều giai đoạn phát triển với các tên gọi khác nhau: Khu Triển lãm Giảng Võ (1975 - 1978), Khu Triển lãm Trung ương (1979 -1982), Trung tâm Triển lãm thành tựu kinh tế kỹ thuật Việt Nam (1982 - 1985), và Trung tâm Triển lãm Giảng Võ (1985 - 1989). Ngày 18/01/1989, Hội đồng Bộ trưởng ban hành quyết định thành lập Trung tâm Hội chợ Triển lãm Việt Nam, là một đơn vị sự nghiệp có thu.
Đến ngày 04/05/1995, Trung tâm chuyển đổi thành doanh nghiệp Nhà nước với chức năng kinh doanh chính là tổ chức triển lãm, hội chợ, hội nghị trong và ngoài nước, kinh doanh các loại hình dịch vụ, quảng cáo, thông tin, thương mại trong và ngoài nước.
Ngày 30/06/2010, Trung tâm Hội chợ Triển lãm Việt Nam được chuyển đổi thành Công ty TNHH MTV Trung tâm Hội chợ Triển lãm Việt Nam theo quyết định của Bộ Văn hóa Thể thao và Du lịch (“Bộ VHTTDL”).
Ngày 04/01/2011, Trung tâm Hội chợ Triển lãm Việt Nam đổi tên thành Công ty TNHH MTV Trung tâm Hội chợ Triển lãm Việt Nam (“Công ty VEFAC”) và VEFAC kế thừa toàn bộ quyền lợi và nghĩa vụ của Trung tâm Hội chợ Triển lãm Việt Nam, tiếp tục cổ phần hóa gắn với thực hiện dự án theo quyết định của Thủ tướng Chính phủ và Bộ VHTTDL (theo chỉ đạo của Thủ tướng Chính phủ tại Văn bản số 1082/TTg-ĐMDN ngày 25/06/2010 và của Bộ Văn hóa, Thể thao và Du lịch tại Quyết định số 2295/QĐ-BVHTTDL ngày 30/06/2010).
Ngày 03/02/2016, Thủ tướng Chính phủ đồng ý nhập Trung tâm Hội chợ Triển lãm quốc gia và Trung tâm Hội chợ Triển lãm quốc tế để thành lập Trung tâm Hội chợ Triển lãm quốc gia mới tại huyện Đông Anh, Hà Nội. Nguồn vốn đầu tư xây dựng Dự án được lấy từ nguồn thu từ các Dự án thành phần. Theo đó, bao gồm các dự án:
- Dự án Trung tâm Hội chợ triển lãm quốc gia tại huyện Đông Anh, thành phố Hà Nội, đây sẽ là trung tâm triển lãm hiện đại, tiên tiến ngang tầm khu vực và thế giới;
- Dự án Khu đô thị mới Đông Anh huyện Đông Anh, thành phố Hà Nội; Nam Đại lộ Thăng Long tại các phường thuộc quận Nam Từ Liêm, thành phố Hà Nội; Tổ hợp Trung tâm Thương mại Dịch vụ và hỗn hợp tại 148 Giảng Võ, Ba Đình, Hà Nội.
Ngày 11/02/2015, Bộ VHTTDL đã phê duyệt Phương án cổ phần hóa và chuyển Công ty TNHH MTV Trung tâm Hội chợ Triển lãm Việt Nam thành Công ty cổ phần.
Ngày 20/03/2015, cuộc bán đấu giá cổ phần lần đầu ra bên ngoài của Công ty TNHH MTV Trung tâm Hội chợ Triển lãm Việt Nam được tổ chức tại HNX với giá đấu giá thành công bình quân là 10.058 đồng/cổ phần và tổng số lượng cổ phần bán được là 620.500 cổ phần.
Ngày 06/05/2015, Công ty TNHH MTV Trung tâm Hội chợ Triển lãm Việt Nam chính thức trở thành Công ty cổ phần Trung tâm Hội chợ Triển lãm Việt Nam với mức vốn điều lệ là 1.666.040.500.000 đồng.
Ngày 25/11/2015, cổ phiếu Công ty được chấp thuận đăng ký giao dịch trên hệ thống UPCOM với mã chứng khoán VEF và chính thức giao dịch vào ngày 22/12/2015 với giá tham chiếu 10.100 đồng/cp.
Hiện tại, công ty đã và đang thực hiện song song các nhiệm vụ chiến lược chính để duy trì, phát triển lĩnh vực cốt lõi tổ chức hội chợ triển lãm; tổ chức hội nghị, hội thảo; thiết kế, thi công gian hàng; thực hiện quàng cáo và đầu tư, xây dựng các dự án được giao.
Trụ sở chính của VEF đặt tại Thôn Lại Đà, xã Đông Hội, huyện Đông Anh, thành phố Hà Nội.
Trong cơ cấu cổ đông của VEF, Tập đoàn Vingroup - Công ty CP (mã VIC-HOSE) là công ty mẹ của VEF với tỷ lệ cổ phần sở hữu của công ty mẹ: 83,32% (tương ứng 1.388.109.450.000 đồng) vốn điều lệ Công ty cổ phần Trung tâm Hội chợ Triển lãm Việt Nam.
Kết thúc năm 2024, công ty ghi nhận tổng doanh thu cung cấp dịch vụ và doanh thu tài chính đạt 1.259,1 tỷ đồng, tăng 119,7% so với năm 2023. Lợi nhuận trước thuế đạt 1.1845,0 tỷ đồng, tăng 117,8% so với năm 2023 và lợi nhuận sau thuế đạt 942,1 tỷ đồng, tăng 116,7% so với cùng kỳ năm trước.
Tính đến ngày 31/12/2024, tổng tài sản của Công ty là gần 105.107,1 tỷ đồng, tăng hơn 95.307,9 tỷ đồng so với cùng kỳ chủ yếu do các chi tiêu: Tiền và tương đường tiền tăng 1.199,4 tỷ đồng; Phải thu ngắn hạn khác tăng 63.467,5 tỷ đồng; Hàng tồn kho tăng 20.891,5 tỷ đồng; Phải thu về cho vay dài hạn tăng 10.369,0 tỷ đồng;
Cũng tính đến ngày 31/12/2024, tổng nguồn vốn của công ty tăng gần 95.308 tỷ đồng so với cùng kỳ chủ yếu do: nợ ngắn hạn tăng 92.893,3 tỷ đồng - chủ yếu đến từ việc người mua trả tiền trước ngắn hạn tăng 63.090,1 tỷ đồng và phải trả ngắn hạn khác tăng 23.681,3 tỷ đồng; Nợ dài hạn giảm 1.472 tỷ đồng và lợi nhuận sau thuế chưa phân phối tăng 942,2 tỷ đồng lên 2.346.960.000.000 đồng.
Kết thúc quý 1/2025, công ty báo lãi 14.873 tỷ đồng, tăng 16,135% so với cùng kỳ (91,615 tỷ đồng) tương ứng tăng 14.782 tỷ đồng so với cùng kỳ năm 2024 chủ yếu từ việc ghi nhận doanh thu chuyển nhượng một phần dự án Vinhomes Global Gate và tăng doanh thu tài chính từ hoạt động hợp tác kinh doanh. Qua đó, nâng lợi nhuận sau thuế chưa phân phối tăng từ 2.346.960.000.000 đồng lên 17.220.296.000.000 đồng."
2,2025-06-06,Các nhà đầu tư lớn đang dịch chuyển khỏi thị trường Mỹ,https://vneconomy.vn/cac-nha-dau-tu-lon-dang-dich-chuyen-khoi-thi-truong-my.htm,"Các động thái chính sách thương mại thất thường của ông Trump đã làm rung chuyển thị trường toàn cầu trong những tháng gần đây, gây ra đợt bán tháo mạnh đồng USD và khiến giá cổ phiếu Phố Wall tụt hậu xa so với các thị trường ở châu Âu trong năm nay. Bên cạnh đó, dự luật giảm thuế mang tính bước ngoặt của ông Trump, được dự báo sẽ khiến nợ công của Mỹ tăng thêm 2,4 nghìn tỷ USD trong 1 thập kỷ tới, cũng đã làm gây áp lực giảm lên giá trái phiếu kho bạc Mỹ.
Việc giới đầu tư bớt hứng thú với tài sản Mỹ đã đẩy các thị trường châu Âu tăng cao trong khi thị trường Mỹ đuối sức. Theo tờ Financial Times, cuộc dịch chuyển này của dòng vốn đã được báo hiệu thông qua kết quả các cuộc khảo sát về quyết định phân bổ vốn của các nhà đầu tư tổ chức lớn. Một cuộc thăm dò ý kiến ​​các nhà quản lý quỹ do ngân hàng Bank of America công bố kết quả vào tháng trước cho thấy ý định phân bổ vốn dưới mức (underweight) vào đồng USD sâu nhất trong gần 2 thập kỷ.
“Mọi người cần suy nghĩ lại” về việc nắm giữ tài sản Mỹ - CEO Seth Bernstein của AllianceBernstein, công ty quản lý số tài sản trị giá 780 tỷ USD, phát biểu trên tờ báo Financial Times.
“Thâm hụt ngân sách chính phủ Mỹ vốn dĩ đã là một vấn đề và đang trở nên tồi tệ hơn”, ông nói thêm. “Tôi cho rằng việc Chính phủ Mỹ tiếp tục vay nợ với tốc độ như hiện nay là không bền vững. Cộng thêm với sự khó lường của chính sách thương mại, điều đó sẽ khiến mọi người khựng lại và nghĩ: nên tập trung ở mức độ như thế nào vào một thị trường?”
Một nhà điều hành cấp cao tại một công ty quản lý vốn tư nhân lớn của Mỹ gọi kế hoạch thuế quan đối ứng của ông Trump là “hồi chuông cảnh tỉnh đối với những nhà đầu tư đang phân bổ vốn trên mức (overweight) vào Mỹ”.
Trong lúc các nhà đầu tư tổ chức tiến hành đánh giá lại việc nắm giữ tài sản Mỹ, quỹ lương hưu lớn thứ hai của Canada là Caisse de dépôt et placement du Québec gần đây tuyên bố sẽ giảm nắm giữ tài sản Mỹ - bộ phận hiện chiếm 40% danh mục của quỹ. Thay vào đó, quỹ có ý định tăng đầu tư vào Anh, Pháp và Đức.
“Mỹ là nơi tốt nhất trên thế giới để đầu tư trong 1 thế kỷ qua, nhưng tôi bắt đầu nghe thấy các nhà đầu tư đặt câu hỏi rằng liệu chủ nghĩa ngoại lệ Mỹ có đang trở nên bớt ngoại lệ hay không, và họ cũng nghĩ xem liệu họ có phải điều chỉnh danh mục cho phù hợp với thực tế mới hay không”, ông Howard Marks - nhà đồng sáng lập công ty quản lý quỹ Oaktree Capital Management với lượng tài sản được quản lý là 203 tỷ USD - nói với Financial Times.
Thị trường chứng khoán Mỹ đến hiện tại đã hồi phục được phần điểm số bị mất sau khi ông Trump công bố thuế quan đối ứng vào hôm 2/4. Tuy nhiên, chỉ số S&P 500 mới chỉ tăng chưa đầy 2% từ đầu năm, đuối so với mức tăng 9% của chỉ số Stoxx Europe 600 của chứng khoán châu Âu. Tỷ giá đồng USD đang ở gần mức thấp nhất 3 năm, giảm 9% từ đầu năm tới nay cho dù ông Trump đã hoãn nhiều kế hoạch thuế quan mà ông công bố.
Các nhà đầu tư cho rằng việc Mỹ là nền kinh tế lớn nhất thế giới và quy mô khổng lồ của thị trường vốn của nước này có nghĩa là Mỹ sẽ vẫn là điểm đến hàng đầu cho các nhà đầu tư toàn cầu. Tuy nhiên, nhiều người đang đặt câu hỏi liệu dòng vốn chảy vào thị trường Mỹ và sự tăng trưởng vượt trội của thị trường này trong một thập kỷ rưỡi qua -  những yếu tố đã đưa giá trị vốn hóa của chứng khoán Mỹ tăng 2/3 tính đến đầu năm nay - có đang đảo chiều hay không.
“Chúng tôi đã bắt đầu thấy những dấu hiệu ban đầu về việc nhà đầu tư dịch chuyển khỏi Mỹ”, ông Richard Oldfield, CO công ty quản lý tài sản Schroders của Anh, cho biết.
Các thị trường ở châu Âu, nơi Chính phủ Đức dự kiến ​​sẽ chi 1 nghìn tỷ euro cho quốc phòng và cơ sở hạ tầng để thúc đẩy tăng trưởng, đang hưởng lợi từ sự cảnh giác của các nhà đầu tư với các tài sản Mỹ. “Chúng tôi khá lạc quan” về châu Âu - ông Tom Nides, Phó chủ tịch công ty quản lý tài sản Blackstone, cho biết. “Các chính phủ ở đây tương đối ổn định. Chuyển vốn đầu tư sang châu Âu chắc chắn không phải là một sự đặt cược tồi”.
Công ty đầu tư Neuberger Berman có trụ sở ở New York năm nay phân bổ 65% các khoản đầu tư về cổ phần tư nhân vào thị trường châu Âu, tăng từ mức 20-30% trong những năm gần đây - theo bà Joana Rocha Scaff, trưởng bộ phận cổ phần tư nhân châu Âu của công ty.
“Mối quan tâm đến châu Âu đang ngày càng lớn. Vấn đề không chỉ nằm ở thuế quan, mà môi trường vĩ mô ở châu Âu cũng ôn hòa hơn so với ở Mỹ. Cuộc chiến thương mại, sự bấp bênh chính sách ở Mỹ, và dự luật giảm thuế của Mỹ đang có ảnh hưởng tới các nhà đầu tư nước ngoài”, bà Scaff phát biểu.
Một số nhà đầu tư đặt câu hỏi liệu các thị trường nhỏ hơn, phân tán hơn ở châu Âu và châu Á có mang lại một lựa chọn thay thế có ý nghĩa cho các nhà đầu tư thoái vốn khỏi Mỹ hay không. “Kinh tế châu Âu vẫn tăng trưởng ảm đạm và mức độ quy chế giám sát vẫn còn rất cao. Thị trường Trung Quốc thì phức tạp. Liệu còn nơi nào khác để nhà đầu tư triển khai lượng vốn lớn?” ông Marks nhấn mạnh trong cuộc trao đổi với Financial Times."
3,2025-06-06,"Áp lực bán tiếp tục đè nặng, cổ phiếu giảm gấp 3 lần tăng, VN-Index “tuột” mốc 1340 điểm",https://vneconomy.vn/ap-luc-ban-tiep-tuc-de-nang-co-phieu-giam-gap-3-lan-tang-vn-index-tuot-moc-1340-diem.htm,"Phiên sụt giảm thứ 3 liên tiếp lại có tín hiệu tăng thanh khoản đi kèm với độ rộng rất tiêu cực cho thấy bên bán đang làm chủ thị trường. Hầu hết các blue-chips đang kiệt sức, trong khi nhóm cổ phiếu đầu cơ vừa và nhỏ cũng bị xả mạnh.
VN-Index trọn phiên sáng nay giao dịch trong vùng giá đỏ và kết phiên để mất 5,59 điểm tương đương -0,42% so với tham chiếu, dừng tại mức 1336,5 điểm. Như vậy đây là tuần thứ 2 chỉ số này chớm vượt lên đỉnh cao mới nhưng rồi lại thoái lui. Đó là tín hiệu không thuận lợi về mặt kỹ thuật, khi càng nhiều nhịp “rướn” thất bại, nguy cơ thị trường đang bị xả càng cao.
Thực ra các phiên chớm vượt đỉnh 1340 điểm cũng không xuất hiện trạng thái bùng nổ giao dịch. Hầu hết các phiên này đều vượt đỉnh mang tính kỹ thuật do một vài cổ phiếu vốn hóa lớn bất ngờ tăng mạnh, hơn là có sự cộng hưởng trên diện rộng. Khi các cổ phiếu lớn này kiệt sức, đà tăng dứt khoát dĩ nhiên không thể xuất hiện.
Sáng nay loạt cổ phiếu lớn nhất tiếp tục yếu. Trong 10 mã vốn hóa hàng đầu của VN-Index thì duy nhất HPG là xanh, tăng 1,94%. Cổ phiếu này sau nhịp trượt giảm tháng 4 cũng đã “teo” vốn hóa đáng kể, chỉ còn đứng thứ 8 nên dù tăng mạnh cũng chỉ đỡ khoảng 0,7 điểm cho chỉ số. VCB, BID, CTG, FPT, GAS cũng giảm. Đặc biệt VHM rơi tới 2,08%, TCB giảm 1,29%. VHM có phiên thứ 5 lùi khỏi đỉnh cao 3 năm trong khi TCB có phiên điều chỉnh thứ 3 liên tiếp sau khi lập đỉnh cao lịch sử hồi đầu tuần.
VN30-Index chốt phiên sáng cũng giảm 0,44% với 5 mã tăng/21 mã giảm. Điểm khá may mắn là ngoài VHM và TCB, các mã giảm mạnh còn lại chỉ có VRE, VJC và MWG vốn hóa đều không lớn. Phía tăng ngoài HPG có PLX tăng 4,16%, STB tăng 2,3%, BCM tăng 1,15% cũng đều có vốn hóa hạn chế.
Độ rộng toàn sàn HoSE sáng nay rất kém, ngay cả khi VN-Index hồi lại cao nhất lúc 9h50 chỉ còn giảm khoảng 0,3 điểm so với tham chiếu thì độ rộng cũng chỉ là 105 mã tăng/137 mã giảm. Kết phiên sáng sàn HoSE còn 71 mã tăng/215 mã giảm, xác nhận đà giảm giá xuất hiện trên diện rất rộng.
Nhóm cổ phiếu vừa và nhỏ được đầu cơ mạnh mấy ngày trước bắt đầu suy yếu nhiều hơn. Trong 71 mã còn xanh cũng có 35 mã tăng hơn 1% nhưng giao dịch rất hạn chế. Chưa đến 20 cổ phiếu trong nhóm này đạt thanh khoản từ 10 tỷ đồng trở lên. Số ít các giao dịch đáng kể là PVD tăng 2,06% khớp 194,5 tỷ; HAG tăng 2,31% với 123,8 tỷ; NKG tăng 1,49% với 110,3 tỷ; HSG tăng 1,22% với 108,5 tỷ; HDG tăng 1,11% với 88,5 tỷ; BSR tăng 1,11% với 55,2 tỷ; TCH tăng 1,01% với 54 tỷ; HHS tăng 1,02% với 50,8 tỷ. Nhóm thanh khoản thấp hơn có NLG, DXS, GEE, CTI cũng khá mạnh.
Tính chung thanh khoản nhóm tăng trên 1% ngoại trừ HPG và STB chỉ chiếm khoảng 11,6% tổng giá trị khớp lệnh sàn HoSE. Sự co cụm này một phần phản ánh tâm lý phân hóa trong quan điểm đầu cơ ngắn hạn, nhiều người muốn chốt lời hơn là mua thêm. Mặt khác, dòng tiền cũng có vẻ hạn chế dần và chỉ những cổ phiếu còn mạnh mới có thể trụ vững. Dù vậy ngay cả ở nhóm mạnh nhất này, tất cả đều đã bị bên bán ép giá xuống với mức độ khác nhau. Chẳng hạn HAG đã phải trả lại tới 3,27% mức tăng; PVD lùi 1,98%, HDG lùi 1,62%, DXS lùi 3,29%...
Ở phía giảm, tình thế khá bi đát. Dù VN-Index giảm rất nhẹ nhưng có tới 107 mã đang mất hơn 1% giá trị. Nhóm này đang chiếm xấp xỉ 37% tổng thanh khoản sàn HoSE. Ngoài một số blue-chips như TCB, VHM, MWG, rất nhiều mã tầm trung đang lao dốc với thanh khoản cao như CII giảm 3,22%, VND giảm 2,92%, VIX giảm 1,44%, VCI giảm 1,9%, DIG giảm 1,4%, PDR giảm 1,92%. Các mã này đều khớp vượt ngưỡng trăm tỷ đồng. Các cổ phiếu này đều bị đánh tụt khỏi giá đỉnh với biên độ lớn.
Thanh khoản sàn HoSE sáng nay tăng 10,4% so với sáng hôm qua, đạt gần 9.313 tỷ đồng nhưng độ rộng kém hơn hẳn. Đây là tín hiệu của áp lực bán tăng, không chỉ kiềm chế dao động giá mà còn chủ động đẩy thanh khoản lên.
Nhà đầu tư nước ngoài đang bán ròng 212,2 tỷ đồng nhưng tổng quy mô bán không mạnh, đạt khoảng 970,1 tỷ đồng trên sàn HoSE, giảm nhẹ so với sáng hôm qua. Một số mã bị bán nổi bật là VCI -54,7 tỷ, FPT -51,2 tỷ, HAH -47,8 tỷ, STB -24,4 tỷ. Phía mua ròng có HPG +126 tỷ, VIC +61,6 tỷ, GEX +21,1 tỷ."
4,2025-06-06,Vàng sụt giá vì tin Mỹ - Trung sắp nối lại đàm phán thương mại,https://vneconomy.vn/vang-sut-gia-vi-tin-my-trung-sap-noi-lai-dam-phan-thuong-mai.htm,"Giá vàng thế giới giảm khá mạnh trong phiên giao dịch ngày thứ Năm (5/6), sau khi có tin Tổng thống Mỹ Donald Trump và Chủ tịch Trung Quốc Tập Cận Bình nhất trí sớm tiến hành vòng đàm phán thương mại tiếp theo giữa hai nước. Tâm lý của nhà đầu tư cũng có phần trở nên thận trọng hơn trước khi Mỹ công bố báo cáo việc làm phi nông nghiệp tháng 5 vào ngày thứ Sáu.
Lúc 9h15 sáng nay (6/6), giá vàng giao ngay tại thị trường châu Á giao dịch ở mức 3.364,82 USD/oz, tăng 11,42 USD/oz so với đóng cửa phiên đêm qua tại Mỹ, tương đương tăng 0,34% - theo dữ liệu từ sàn giao dịch Kitco. Quy đổi theo tỷ giá USD bán ra tại ngân hàng Vietcombank, mức giá này tương đương gần 106,4 triệu đồng/lượng, giảm 700.000 đồng/lượng so với sáng hôm qua.
Cùng thời điểm trên, website của Vietcombank báo giá USD ở mức 25.851 đồng (mua vào) và 26.241 đồng (bán ra), giảm 13 đồng ở mỗi đầu giá so với sáng hôm qua.
Phiên ngày thứ Năm tại New York, giá vàng giao ngay đóng cửa ở mức 3.353,4 USD/oz, giảm 21,3 USD/oz so với mức chốt của phiên trước, tương đương giảm hơn 0,6%.
Giá vàng tiếp tục giằng co trong tuần này, khởi đầu tuần mới ở vùng giá 3.300 USD/oz, sau đó có lúc tiến gần tới mốc 3.400 USD/oz rồi lại lại quay đầu sụt giảm. Nhu cầu phòng ngừa rủi ro của nhà đầu tư còn lớn do sự bất định liên quan tới chính sách thuế quan của Mỹ, nhưng các tin tức cụ thể hàng ngày tiếp tục đẩy giá vàng trồi sụt. Giới phân tích cho rằng giá vàng đang cần một chất xúc tác cụ thể để có một hướng đi rõ ràng trong ngắn hạn.
Trong một bài đăng trên mạng xã hội Truth Social sau cuộc điện đàm ngày 5/6 với ông Tập, ông Trump nói đó là một “cuộc điện đàm rất tốt đẹp”, nhưng không nói rõ về kết quả của cuộc nói chuyện. Ông cho biết các nhà đàm phán thương mại cấp cao của hai nước sẽ sớm có cuộc gặp tiếp theo. Về phía Trung Quốc, một thông cáo về cuộc gặp này cho biết ông Tập đã đề nghị ông Trump giảm bớt các biện pháp thương mại và tránh có những động thái mang tính đe dọa về vấn đề Đài Loan.
Theo chiến lược gia Daniel Ghali của công ty TD Securities, cuộc điện đàm giữa hai nhà lãnh đạo của Mỹ và Trung Quốc đã làm giảm rủi ro leo thang căng thẳng giữa hai nước trong ngắn hạn, do đó làm suy giảm động lực mua vàng của nhà đầu tư.
Chiến tranh thương mại Mỹ - Trung là một nguyên nhân quan trọng đưa giá vàng tăng giá mạnh trong năm nay. Từ đầu năm, giá kim loại quý này đã tăng khoảng 28%. Giá vàng lập kỷ lục mọi thời đại trên 3.500 USD/oz trong tháng 4, không lâu sau khi ông Trump công bố kế hoạch thuế quan đối ứng gây chấn động.
Một báo cáo của công ty Metal Focus nhận định các ngân hàng trung ương trên thế giới sẽ mua ròng 1.000 tấn vàng trong năm 2025, đánh dấu năm mua ròng thứ tư liên tục trong xu hướng đa dạng hóa dự trữ ngoại hối khỏi các tài sản USD. Nhu cầu mua ròng vàng của khối này cũng là một yếu tố không thể không nhắc đến trong xu hướng tăng giá của vàng từ năm 2024 tới nay.
Đồng USD giảm giá nhẹ trong phiên ngày thứ Năm, với chỉ số Dollar Index chốt phiên ở mức 98,74 điểm, từ mức 98,79 điểm của phiên trước.
Phiên ngày thứ Sáu, tâm điểm chú ý của giới đầu tư sẽ là báo cáo việc làm phi nông nghiệp tháng 5 của Mỹ do Bộ Lao động nước này công bố. Các nhà kinh tế được Dow Jones khảo sát dự báo rằng báo cáo sẽ cho thấy có khoảng 125.000 công việc mới trong tháng 5, ít hơn 52.000 công việc so với tháng 4.
Tình hình thị trường việc làm có thể ảnh hưởng tới quyết định lãi suất thời gian tới của Cục Dự trữ Liên bang Mỹ (Fed). Hôm thứ Tư tuần này, ông Trump lại kêu gọi Chủ tịch Fed Jerome Powell cắt giảm lãi suất.
“Tôi nghĩ thị trường việc làm Mỹ yếu đi sẽ làm gia tăng đặt cược vào việc Fed sớm cắt giảm lãi suất, và điều đó sẽ có lợi cho giá vàng”, nhà phân tích cấp cao Ricardo Evangelista của công ty ActivTrades nhận định với hãng tin Reuters."
5,2025-06-06,"Ông Musk tranh cãi với ông Trump, vốn hóa Tesla “bốc hơi” 152 tỷ USD trong một phiên",https://vneconomy.vn/ong-musk-tranh-cai-voi-ong-trump-von-hoa-tesla-boc-hoi-152-ty-usd-trong-mot-phien.htm,"Những diễn biến này là bước leo thang mới nhất trong cuộc “đấu khẩu” giữa ông Musk và ông Trump về dự luật ngân sách mà ông Trump đang thúc đẩy trong Quốc hội Mỹ.
Cú giảm trên khiến giá trị vốn hóa thị trường của Tesla giảm 152 tỷ USD, đánh dấu phiên mất mát vốn hóa mạnh chưa từng thấy của hãng xe điện này. Mức giảm như vậy khiến Tesla không còn giữ được mốc vốn hóa 1 nghìn tỷ USD, chốt phiên ở mức 916 tỷ USD.
Phát biểu tại Phòng Bầu dục ngày 5/6, ông Trump nói ông Musk đã bực bội khi tín dụng xe điện không được đưa vào dự luật giảm thuế và tăng chi tiêu mà Thượng viện Mỹ đang thảo luận sau khi Hạ viện thông qua. “Elon và tôi có một mối quan hệ tuyệt vời, nhưng tôi không biết chúng tôi có còn được như vậy hay không. Tôi lấy làm ngạc nhiên”, ông nói.
Đáp trả những phát biểu này của ông Trump, ông Musk viết trên mạng xã hội X: “Nếu không có tôi, ông Trump đã thua cử”.
Sau đó, trong một bài đăng trên mạng xã hội Truth Social, ông Trump nói ông Musk đã “mất kiên nhẫn” và trở nên “điên rồ”.
Những ngày gần đây, ông Musk - người giàu nhất thế giới - đã liên tục chỉ trích dự luật ngân sách của ông Trump, cho thấy một sự thay đổi lớn trong quan điểm của ông với chính quyền ông Trump. Ông Musk cũng đã rời khỏi bộ máy của Nhà Trắng, nơi ông đã giữ vai trò đứng đầu Bộ Hiệu quả Chính phủ (DOGE) trong khoảng 5 tháng.
Trong tháng 5 vừa qua, cổ phiếu Tesla tăng 22% bất chấp số liệu doanh số ảm đạm. Nhà đầu tư lạc quan khi ông Musk cho biết ông sắp rút lui khỏi chính trường và tập trung điều hành công ty.
Nhưng tuần này, giá cổ phiếu Tesla đã “bốc hơi” 18% khi ông Musk liên tục phê phán dự luật ngân sách. Tính từ đầu năm, cổ phiếu Tesla đã giảm gần 30% và đang thấp hơn nhiều so với mức kỷ lục 488,54 USD/cổ phiếu thiết lập vào ngày 18/12 năm ngoái. Phiên ngày 5/6, cổ phiếu này đóng cửa ở mức 284,7 USD/cổ phiếu.
Ông Musk đã tỏ ý không đồng tình với dự luật chi tiêu của ông Trump trong những ngày cuối còn làm việc ở Nhà Trắng. Sau khi rời đi, ông càng thể hiện sự phản đối mạnh mẽ hơn với dự luật bao gồm nội dung gia hạn chương trình cắt giảm thuế năm 2017 này.
“Elon có một đặc điểm là khi thích nói là nói hết. Ông ấy không dè chừng gì cả, và ông ấy đang có vẻ rất bất mãn”, ông Walter Isaacson - tác giả một cuốn tiểu sử Elon Musk - nói với hãng tin CNBC.
Trang NBC News nói rằng ông Musk đã tìm cách thuyết phục ông Trump và các thành viên Cộng hòa khác của chính quyền thay đổi nội dung trong dự luật ngân sách về cắt giảm tín dụng ô tô điện và thuế năng lượng mặt trời đối với hộ gia đình, nhưng không được chấp nhận. Việc duy trì những chính sách tín dụng này sẽ có lợi cho Tesla. Ngoài ra, dự luật cũng áp một khoản phí hàng năm 250 USD lên người dùng ô tô điện.
Ngoài những bất lợi từ dự luật ngân sách của ông Trump, Tesla còn đang đối mặt với những vấn đề mang tính căn bản hơn, bao gồm doanh số bán xe điện sụt giảm mạnh ở những thị trường chính như châu Âu và uy tín thương hiệu suy giảm ở thị trường phương Tây nói chung. Hãng cũng đang được đầu sức ép phải triển khai ở Austin, Texas ngay trong tháng này dịch vụ taxi không người lái đã bị trì hoãn từ lâu.
Ông Musk đã nói rằng Tesla sẽ thử nghiệm dịch vụ taxi không người lái ở Austin, nhưng đối thủ Waymo đã triển khai thương mại dịch vụ tương tự thông qua hợp tác với Uber.
Cũng theo ông Isaacson, ông Musk còn bất mãn với việc một số thành viên trong chính quyền ông Trump phản đối việc đề cử ông Jared Isaacman - một người thân cận với ông Musk - vào vị trí người đứng đầu Cơ quan Hàng không vũ trụ Mỹ (NASA). Việc đề cử ông Isaacman cho cương vị này đã bị rút lại vào cuối tuần vừa rồi.
Ông Isaacman là người đã điều khiển hai chuyến bay tư nhân vào vũ trụ thông qua công ty SpaceX của ông Musk vào năm 2021 và 2024, đưa phi hành đoàn bay quay Trái Đất. Công ty công nghệ thanh toán Shift4 của ông cho biết ở thời điểm ngày 30/6/2021, công ty này đã đầu tư 27,5 triệu USD vào SpaceX."
6,2025-06-06,"Cổ phiếu Tesla kéo tụt chứng khoán Mỹ, giá dầu tăng sau điện đàm Mỹ - Trung",https://vneconomy.vn/co-phieu-tesla-keo-tut-chung-khoan-my-gia-dau-tang-sau-dien-dam-my-trung.htm,"Giá dầu thô tăng vì cuộc điện đàm giữa Tổng thống Mỹ Donald Trump và Chủ tịch Trung Quốc Tập Cận Bình làm dấy lên hy vọng mới về đàm phán thương mại giữa hai nước.
Lúc đóng cửa, chỉ số S&P 500 giảm 0,53%, còn 5.939,3 điểm. Chỉ số Nasdaq giảm 0,83%, còn 19.298,45 điểm. Chỉ số Dow Jones giảm 108 điểm, tương đương giảm 0,25%, còn 42.319,74 điểm.
Tesla là cổ phiếu gây áp lực giảm lớn nhất lên các chỉ số trong phiên này, chốt phiên với mức giảm hơn 14% và không giữ được mức vốn hóa thị trường trên 1 nghìn tỷ USD. Cổ phiếu hãng xe điện hàng đầu thế giới  lao dốc sau khi ông Trump nói rằng ông Trump nói ông “rất thất vọng” với CEO Elon Musk của Tesla. Phản ứng với tuyên bố này của ông chủ Nhà Trắng, ông Musk viết trong một bài đăng trên mạng xã hội X rằng “nếu không có tôi, ông Trump đã thua cử”. Cuộc tranh cãi càng thêm nóng sau khi ông Trump gọi ông Musk là “điên rồ” và phát tín hiệu có thể cắt các hợp đồng giữa Chính phủ Mỹ với các công ty của ông Musk.
Thị trường cho thấy sự thiếu ổn định ngay từ đầu phiên, sau khi có tin ông Trump và ông Tập đã có một cuộc điện đàm về vấn đề thương mại. Trong một bài đăng trên mạng xã hội Truth Social, ông Trump nói đó là một “cuộc điện đàm rất tốt đẹp”, nhưng không nói rõ về kết quả của cuộc nói chuyện. Ông cho biết các nhà đàm phán thương mại cấp cao của hai nước sẽ sớm có cuộc gặp tiếp theo.
Sau khi Mỹ và Trung Quốc đạt thỏa thuận hoà hoãn thuế quan ở Geneva vào tháng 5 vừa qua, chứng khoán Mỹ đã phục hồi mạnh vì nhà đầu tư kỳ vọng rằng giai đoạn tồi tệ nhất của cuộc chiến thương mại giữa hai nền kinh tế lớn nhất thế giới đã qua. Cả tháng 5, S&P 500 tăng hơn 6%, đánh dấu tháng tăng mạnh nhất của thước đo rộng nhất của chứng khoán Mỹ kể từ tháng 11/2023. Nhưng gần đây, khi căng thẳng Mỹ - Trung có dấu hiệu nóng trở lại, nhà đầu tư cảm thấy lo lắng và thị trường cũng chững lại.
“Việc hai nhà lãnh đạo điện đàm là thông tin tích cực, nhưng tôi cho rằng nếu Mỹ có đạt thỏa thuận thương mại với Trung Quốc thì thỏa thuận đó sẽ có sau thỏa thuận với Ấn Độ, với Nhật Bản, và các quốc gia khác. Cơ hội để hai bên nhanh chóng đi đến một giải pháp nào đó là cực kỳ thấp”, CEO Jay Hatfield của công ty Infrastructure Capital Advisors nhận định với hãng tin CNBC.
Thị trường việc làm Mỹ đã bắt đầu có những dấu hiệu suy yếu sau một thời gian dài duy trì trạng thái mạnh mẽ. Theo báo cáo hàng tuần được Bộ Lao động Mỹ công bố vào ngày thứ Năm, nước này có 247.000 người xin trợ cấp thất nghiệp lần đầu trong tuần trước, tăng 8.000 người so với tuần trước đó và cao hơn mức dự báo 236.000 người mà các nhà phân tích đưa ra trong một cuộc khảo sát của hãng tin Dow Jones.
Hôm thứ Tư, báo cáo hàng tháng của công ty dịch vụ tuyển dụng ADP cho thấy khu vực tư nhân của Mỹ chỉ có thêm 37.000 công việc mới trong tháng 5, thấp hơn nhiều so với con số dự báo 110.000 công việc mới. Báo cáo này đã khiến nhà dầu tư lo lắng về sự suy yếu của thị trường việc làm và tác động đến nền kinh tế.
Các báo cáo việc làm nói trên càng làm gia tăng tầm quan trọng của báo cáo việc làm phi nông nghiệp mà Bộ Lao động Mỹ dự kiến công bố vào ngày thứ Sáu. Các nhà kinh tế được Dow Jones khảo sát dự báo sẽ có khoảng 125.000 công việc mới trong tháng 5, ít hơn 52.000 công việc so với tháng 4.
Trên thị trường năng lượng, giá dầu thô Brent giao sau tại London tăng 0,48 USD/thùng, tương đương tăng 0,74%, đóng cửa ở mức 65,34 USD/thùng. Giá dầu WTI giao sau tại New York tăng 0,52 USD/thùng, tương đương tăng 0,83%, chốt ở 63,37 USD/thùng.
“Nếu chiến tranh thương mại xuống thang, kỳ vọng về nhu cầu tiêu thụ dầu sẽ tăng lên đối với cả Mỹ và Trung Quốc”, nhà phân tích cấp cao Phil Flynn của công ty Price Futures Group nói với hãng tin CNBC, nhấn mạnh rằng động lực cho giá dầu tăng phiên này là cuộc điện đàm giữa ông Trump và ông Tập.
Trước phiên tăng này, giá dầu đã giảm 1% trong phiên ngày thứ Năm do mối lo của nhà đầu tư rằng chiến tranh thương mại có thể gây suy giảm tăng trưởng kinh tế và nhu cầu tiêu thụ dầu.
Căng thẳng địa chính trị tiếp diễn và cháy rừng ở Canada gây đe dọa hoạt động sản xuất dầu đang là những yếu tố hỗ trợ giá dầu, nhưng khả năng thị trường dầu dư cung trong nửa sau của năm nay do OPEC+ tăng sản lượng đang gây áp lực giảm lên giá năng lượng này - theo nhà phân tích Tamas Varga của công ty PVM Oil.
OPEC+ là liên minh giữa Tổ chức Các nước xuất khẩu dầu lửa (OPEC) và một số thành viên ngoài khối gồm Nga. Tuần trước, OPEC+ quyết định tăng sản lượng thêm 411.000 thùng/ngày trong tháng 7.
Nhà phân tích Giovanni Staunovo của ngân hàng UBS nói rằng báo cáo việc làm phi nông nghiệp ngày thứ Sáu của Mỹ có thể tác động không nhỏ tới diễn biến giá dầu, vì tình hình thị trường việc làm có thể ảnh hưởng tới quyết định lãi suất thời gian tới của Cục Dự trữ Liên bang Mỹ (Fed)."
7,2025-06-06,"Ông Trump và ông Tập điện đàm, nhất trí đàm phán thương mại vòng hai",https://vneconomy.vn/ong-trump-va-ong-tap-dien-dam-nhat-tri-dam-phan-thuong-mai-vong-hai.htm,"Tổng thống Mỹ Donald Trump và Chủ tịch Trung Quốc Tập Cận Bình đã có một cuộc điện đàm vào ngày thứ Năm (5/6), nhất trí rằng quan chức hai nước sẽ sớm tiến hành vòng đàm phán tiếp theo để giải quyết cuộc chiến thương mại song phương.
Ông Trump cho biết ông đã có một cuộc điện đàm “rất tốt đẹp” kéo dài khoảng 90 phút với ông Tập và cuộc nói chuyện này tập trung “gần như hoàn toàn” vào vấn đề thương mại. Trong một bài đăng trên mạng xã hội Truth Social, ông nói cuộc gọi “dẫn tới một kết quả rất tích cực cho cả hai nước”.
Theo ông chủ Nhà Trắng, Bộ trưởng Bộ Tài chính Mỹ Scott Bessent, Bộ trưởng Bộ Thương mại Mỹ Howard Lutnick và Đại diện Thương mại Mỹ Jamieson Greer sẽ đại diện Mỹ trong vòng đàm phán thương mại tiếp theo với Trung Quốc. Tuy nhiên, thời gian và địa điểm của vòng đàm phán thứ hai còn chưa được quyết định.
Giới chức Mỹ - Trung đã có cuộc gặp đầu tiên vào tháng 5 ở Thụy Sỹ, với kết quả là một thỏa thuận tạm thời mà hai bên hạ thuế quan đối ứng cho nhau về 10% trong vòng 90 ngày. Nhưng gần đây, chính quyền ông Trump cáo buộc phía Bắc Kinh chậm thực thi cam kết ở Geneva về phê chuẩn xuất khẩu đất hiếm sang Mỹ.
Trước khi ông Trump có bài đăng về cuộc điện đàm ngày thứ Năm, Bộ Ngoại giao Trung Quốc và đại sứ quán Trung Quốc ở Mỹ nói ông Trump đã đề nghị điện đàm với ông Tập. Theo hãng tin CNBC, Trump được cho là nóng lòng muốn nói chuyện với nhà lãnh đạo Trung Quốc vì mối quan hệ vốn dĩ đã căng thẳng giữa hai nước có dấu hiệu xấu đi trong thời gian gần đây.
Sau cuộc gọi ngày thứ Năm, ông Trump viết: “Sẽ không còn bất kỳ câu hỏi nào liên quan đến sự phức tạp của các sản phẩm đất hiếm”. Tuy nhiên, ông không giải thích điều này nghĩa là gì.
Phía Trung Quốc gần đây đã bày tỏ quan điểm rất không hài lòng với việc Mỹ áp hạn chế mới về cấp thị thực (visa) cho du học sinh Trung Quốc. Bắc Kinh cũng cáo buộc Mỹ làm suy yếu tiến trình giải quyết mâu thuẫn thương mại khi đưa ra một cảnh báo trong phạm vi ngành về việc sử dụng linh kiện bán dẫn Trung Quốc.
Bên cạnh đó, chính quyền ông Trump cũng áp thêm các biện pháp hạn chế xuất khẩu đối với con chip. Nhà Trắng nói rằng hành động này là cần thiết để bảo vệ an ninh quốc gia, nhưng Bắc Kinh xem đó là một động thái trừng phạt.
Sau cuộc gọi với ông Tập, ông Trump cũng cho biết ông Tập đã mời ông và đệ nhất phu nhân Melania Trump thăm Trung Quốc, và “tôi đã đáp lại bằng lời mời tương tự”.
Tình trạng đàm phán thương mại “dậm chân tại chỗ” giữa hai nền kinh tế lớn nhất thế giới - hai quốc gia với tổng kim ngạch thương mại hai chiều đạt gần 600 tỷ USD trong năm 2024 - đang gây áp lực lên chiến lược thuế quan của ông Trump. Cuộc gọi ngày thứ Năm đánh dấu mới chỉ lần thứ hai trong năm nay ông Trump và ông Tập điện đàm trực tiếp. Cuộc gọi trước đó diễn ra vào ngày 17/1, vài ngày trước khi ông Trump nhậm chức.
Trước cuộc gọi mới nhất, ông Trump đã ca ngợi ông Tập trong một bài đăng trên mạng xã hội, đồng thời cũng tỏ ý phàn nàn. “Tôi quý mến Chủ tịch Tập của Trung Quốc, luôn luôn như vậy. Nhưng ông ấy rất cứng rắn và cực kỳ khó để đạt thỏa thuận”, ông Trump viết vào hôm thứ Tư.
Trung Quốc là một mục tiêu lớn trong chính sách thuế quan của ông Trump nhằm cân bằng lại mối quan hệ thương mại của Mỹ với phần còn lại của thế giới. Hồi tháng 4, ông đã nâng tổng thuế quan bổ sung áp lên hàng hóa nhập khẩu từ Trung Quốc lên 145% và Trung Quốc trả đũa bằng cách nâng thuế quan áp lên hàng Mỹ lên 125% - những mức thuế được xem như hành động cấm vận thương mại.
Với thỏa thuận đạt được ở Geneva vào giữa tháng 5, Mỹ hạ thuế quan cho Trung Quốc về 30%, còn Trung Quốc hạ thuế quan cho Mỹ về 10%, có hiệu lực trong 90 ngày."
8,2025-06-06,"Công ty con của TLG lên kế hoạch nhận chuyển nhượng gần 8,3 triệu cổ phiếu PNC",https://vneconomy.vn/cong-ty-con-cua-tlg-len-ke-hoach-nhan-chuyen-nhuong-gan-8-3-trieu-co-phieu-pnc.htm,"Ông Nguyễn Hữu Đức báo cáo về ngày không còn là cổ đông lớn Công ty Cổ phần Văn hóa Phương Nam (mã PNC-HOSE).
Theo đó, ngày 3/6, ông Nguyễn Hữu Đức thông báo đã bán thành công 1.136.081 cổ phiếu, chiếm 10,52% vốn tại PNC và ông Đức không còn là cổ đông lớn của PNC.
Được biết, PNC đã tổ chức thành công ĐHĐCĐ thường niên 2025 với tổng doanh thu thuần dự kiến 645 tỷ và lợi nhuận sau thuế đạt 14 tỷ đồng.
Đáng chú ý là cổ đông PNC thông qua việc miễn chào mua công khai đối với giao dịch chuyển nhượng 2.949.931 cổ phần của nhóm 6 cổ đông; 2.138.060 cổ phần  của nhóm 4 cổ đông và 3.207.516 cổ phần của nhóm 5 cổ đông cho Công ty TNHH MTV Thương mại Dịch vụ Tân Lực Miền Nam theo phương thức giao dịch khớp lệnh hoặc thỏa thuận thông qua hệ thống giao dịch HOSE. Thời gian dự kiến thực hiện từ quý 2/2025 cho đến khi hoàn tất giao dịch.
Hiện PNC có 10.799.351 cổ phiếu đang lưu hành và tổng giao dịch của 3 nhóm cổ đông này là 8.295.507 cổ phiếu, chiếm 76,8% vốn điều lệ của PNC.
Theo báo cáo thường niên 2024 của Công ty Cổ phần Tập đoàn Thiên Long (mã TLG-HOSE) thì Công ty TNHH MTV Thương mại Dịch vụ Tân Lực Miền Nam là 1 trong 5 công ty con của TLG có vốn điều lệ là 150 tỷ, với tỷ lệ biểu quyết là 100%. Hoạt động chính của công ty con này là kinh doanh văn phòng phẩm có trụ sở đặt tại Tp.HCM.
Qua đó, HĐQT TLG đã thông qua việc Công ty TNHH MTV Thương mại Dịch vụ Tân Lực Miền Nam nhận chuyển nhượng cổ phần từ các cổ đông của PNC với mục đích là tìm kiếm cơ hội đầu tư và giao cho ông Cô Gia Thọ đại diện được quyền quyết định toàn bộ các vấn đề liên quan đến giao dịch trên.
Hiện cổ đông lớn nhất của Phương Nam là Tổng công ty Công Nghiệp – In – Bao bì Liksin TNHH MTV – doanh nghiệp 100% vốn Nhà nước – đang nắm giữ hơn 1,6 triệu cổ phiếu PNC, tương đương 15,05% vốn điều lệ.
Về nhân sự: HĐQT công ty đã bổ nhiệm ông Nguyễn Tuấn Quỳnh (1972) giữ chức vụ Chủ tịch HĐQT, Người đại diện pháp luật (2022-2026); ông Nguyễn Hữu Hoạt (1961) - Chủ tịch HĐQT bổ nhiệm Phó Chủ tịch HĐQT; bà Võ Thị Hoàng Quân (1973) giữ chức Tổng giám đốc PNC và cũng là giám đốc chiến lược của Tập đoàn Thiên Long, thay thế bà Nguyễn Như Quỳnh – người đã nộp đơn xin rút khỏi vị trí Tổng giám đốc kiêm Phó chủ tịch HĐQT, đồng thời đề nghị chấm dứt hợp đồng lao động với công ty; bổ nhiệm ông Nguyễn Đình Thứ (1991) - Giám đốc đầu tư của Tjaap đoàn Thiên Long và cũng là Giám đốc kiêm Người đại diện theo Pháp luật của Công ty TNHH MTV Thương mại Dịch vụ Tân Lực Miền Nam - giữ chức vụ Phó tổng giám đốc thay ông Lê Quý Phú.
Đồng thời, HĐQT chập thuận đơn vị từ nhiệm thành viên HĐQT của bà Nguyễn Như Quỳnh, ông Nguyễn Đức Long, ông Võ Thành Đông Phương theo nguyện vọng cá nhân.
Kết thúc quý 1/2025, PNC ghi nhận doanh thu hợp nhất đạt 146,33 tỷ đồng, tăng gần 11,7 tỷ đồng so với cùng kỳ (134,6 tỷ đồng), lợi nhuận sau thuế đạt 2,49 tỷ đồng, tăng 79 triệu so với cùng kỳ (2,41 tỷ đồng). Còn Tập đoàn Thiên Long ghi nhận lợi nhuận sau thuế giảm hơn 10 tỷ so với cùng kỳ, từ 88,3 tỷ hồi quý 1/2024 xuống 78,4 tỷ đồng và lợi nhuận sau thuế chưa phân phối giảm từ 935 tỷ xuống gần 858 tỷ đồng.
Trên thị trường, chốt phiên giao dịch ngày 5/6, giá cổ phiếu PNC tiếp tục tăng trần, dừng ở mức 29.350 đồng/cổ phiếu."
9,2025-06-05,"Thanh khoản sụt giảm mạnh, loạt cổ phiếu nhỏ ngược sóng",https://vneconomy.vn/thanh-khoan-sut-giam-manh-loat-co-phieu-nho-nguoc-song.htm,"Đà tăng của VN-Index tiếp tục suy yếu sau phiên chững lại hôm qua, lần này chủ đạo do dòng tiền mua sụt giảm. 10 cổ phiếu vốn hóa lớn nhất của chỉ số này có tới 8 mã đỏ với thanh khoản rổ VN30 giảm 17%. Tuy vậy giao dịch vẫn khá sôi động trong nhóm vốn hóa vừa và nhỏ, thậm chí nhiều cổ phiếu tăng cực khỏe.
VN-Index tạo đáy sâu nhất trong phiên chiều, giảm hơn 9,6 điểm trước khi hồi lại dần về cuối. Đóng cửa chỉ số còn giảm 0,27% tương đương -3,65 điểm. VN30-Index cũng để mất 0,2% với 10 mã tăng/20 mã giảm. Điều bất lợi là nhóm blue-chips giảm giá toàn các mã vốn hóa lớn.
Trong 10 cổ phiếu hàng đầu, CTG tăng 0,13% và VPL tăng 0,23% là có sắc xanh duy nhất, còn lại toàn đỏ. Điểm tốt là các mã này có diễn biến hồi khá trong ít phút cuối giúp VN-Index bớt xấu. VHM cuối đợt khớp lệnh liên tục còn giảm gần 1% nhưng đóng cửa co lại còn -0,39%. VCB, BID, FPT, HPG, TCB đều hồi lại chút ít. Duy nhất GAS là kém, đóng cửa vẫn giảm 1,54%. Những cổ phiếu yếu hơn như BVH giảm 1,75% thì vốn hóa rất nhỏ.
Nhóm blue-chips tăng giá cũng không có lực kéo. MSN tốt nhất tăng 2,65% thì vốn hóa cũng chỉ đứng thứ 15, đem về tâm 0,6 điểm cho VN-Index. STB, MWG, STB thì mức tăng quá yếu. Thậm chí trong 10 cổ phiếu đỡ điểm tốt nhất cho chỉ số này phải có mặt cả những mã vốn hóa trung bình như REE, VGC, VSH, VTP, POW.
Dù vậy khả năng duy trì trạng thái dao động hẹp ở chỉ số cũng là một bối cảnh hỗ trợ dòng tiền vận động đơn lẻ. Nhiều cổ phiếu vừa và nhỏ vẫn đang thu hút được dòng tiền nóng đẩy lên, tuy không thể tạo thanh khoản bùng nổ nhưng cũng đủ sôi động. REE chiều nay có nhịp tăng bùng nổ vượt đỉnh lịch sử và đóng cửa giá kịch trần. Cổ phiếu này chốt buổi sáng nhạt nhòa khi chỉ tăng 0,41%, giao dịch chừng 11,3 tỷ đồng. Bất ngờ phiên chiều REE có được lượng tiền mạnh mẽ đẩy lên kịch trần, thanh khoản tầm 150 tỷ nữa. Mức tăng 6,92% đưa REE vượt qua đỉnh cao tháng 3/2025 và lập kỷ lục lịch sử mới ở 77.300 đồng.
Loạt cổ phiếu khác giao dịch cũng khá ấn tượng là HHV tăng 1,2% thanh khoản 261,9 tỷ đồng; VTP tăng 2,47% với 112,2 tỷ; POW tăng 1,11% với 105,4 tỷ; VGC tăng 4,4% với 99 tỷ; CSV tăng 2,12% với 92,3 tỷ; DXS tăng 6,97% với 81,4 tỷ; CTS tăng 1,34% với 77,5 tỷ… Thực ra các cổ phiếu nhỏ hiếm khi đạt được thanh khoản tới tầm trăm tỷ đồng. Hôm nay nhóm tăng tốt nhất ở rổ smallcap cũng chỉ loanh quanh vài chục tỷ. Bù lại tổng giao dịch của rổ lại suy giảm ít nhất so với các nhóm khác khi chỉ thấp hơn hôm qua 11%, trog khi Midcap giảm giao dịch 23%, VN30 giảm 17% và toàn sàn HoSE giảm 18%.
Ở phía giảm giá, sức ép là rõ rệt hơn nhiều. Trong khi toàn sàn HoSE có 69 cổ phiếu tăng hơn 1% nhưng chỉ 5 mã khớp quá 100 tỷ đồng thì phía giảm tới 85 mã rơi hơn 1% và 16 mã thanh khoản vượt trăm tỷ. VIX, SSI, VND, HCM dẫn đầu nhóm này. Cổ phiếu chứng khoán sau vài phiên trước mạnh bất ngờ thì hôm nay đã lao dốc cả loạt, tới 20 mã giảm quá 1% ở các sàn. Tính chung nhóm giảm trên 1% hôm nay chiếm 29,4% tổng giá trị khớp ở HoSE.
Thanh khoản sụt giảm mạnh xuất hiện ở thời điểm thị trường vẫn rất bấp bênh trong vùng đỉnh cũ của VN-Index. Liên tiếp các phiên tăng giảm nhưng điểm chung là không có trạng thái bùng nổ diễn ra. Diễn biến sôi động chỉ xuất hiện lẻ tẻ ở các cổ phiếu vừa và nhỏ, mang tính cơ hội là chính. Hôm nay cũng xuất hiện những thông tin bất lợi liên quan đến khả năng đạt thỏa thuận thương mại mà thị trường kỳ vọng. Dòng tiền suy yếu có thể là một dạng phản ứng với rủi ro.
Nhà đầu tư nước ngoài chiều nay bán ròng thêm gần 151 tỷ đồng nữa trên sàn HoSE, nâng tổng mức bán ròng cả ngày lên 475 tỷ. Các mã bị xả mạnh là STB -117,5 tỷ, VHM -71,8 tỷ, VIC -58,3 tỷ, VIX -53,9 tỷ, DXG -52,2 tỷ, HDB -50,5 tỷ, FPT -32,1 tỷ, KDH -30 tỷ. Phía mua ròng có MSN +117,9 tỷ, VND +40,7 tỷ, SSI +23 tỷ, VRE +21 tỷ."
10,2025-06-05,Địa vị “vịnh tránh bão” của đồng franc khiến Thụy Sỹ “đau đầu”,https://vneconomy.vn/dia-vi-vinh-tranh-bao-cua-dong-franc-khien-thuy-sy-dau-dau.htm,"Chính sách thuế quan của Tổng thống Mỹ Donald Trump đã khiến thị trường tài chính toàn cầu chao đảo trong những tuần gần đây, thúc đẩy nhà đầu tư mua mạnh những tài sản được xem là an toàn. Trong số đó có đồng franc Thụy Sỹ - một “hầm trú ẩn” cho những trường hợp khi bất định kinh tế vĩ mô và địa chính trị gia tăng.
Từ đầu năm đến nay, franc Thụy Sỹ đã tăng giá khoảng 10% so với USD. Tuy nhiên, theo hãng tin CNBC, đối với các nhà hoạch định chính sách của nước này, đây không phải là một tin vui mà là một thách thức lớn. Đồng nội tệ mạnh làm gia tăng áp lực giảm phát trong nền kinh tế Thụy Sỹ, vì khi franc tăng giá, hàng hóa nhập khẩu - vốn đóng một vai trò quan trọng đối với nước này - trở nên rẻ hơn.
Đối với nhiều quốc gia khác trên thế giới, đồng nội tệ tăng giá có thể là một sự chuyển biến được đón nhận tích cực bởi sẽ giúp giảm bớt áp lực lạm phát dai dẳng. Tuy nhiên, trong lúc nhiều nền kinh tế phát triển (như Mỹ và Anh) vẫn đang xoay sở để đưa lạm phát về mục tiêu 2% của ngân hàng trung ương, Thụy Sỹ lại đối mặt với một vấn đề hoàn toàn ngược lại: giá cả giảm quá nhanh.
Số liệu thống kê công bố vào tuần này cho thấy lạm phát ở Thụy Sỹ đã rơi vào trạng thái âm trong tháng 5, với chỉ số giá tiêu dùng (CPI) giảm 0,1% so với cùng kỳ năm ngoái. Giá hàng hóa nhập khẩu giảm mạnh, với mức giảm 2,4% so với cùng kỳ năm trước sau khi đi ngang trong tháng 4.
Nhà kinh tế Charlotte de Montpellier của ngân hàng ING nhấn mạnh vai trò của đồng nội tệ tăng giá trong mức tranh lạm phát của Thụy Sỹ. “Cú giảm mới nhất của lạm phát ở Thụy Sỹ chủ yếu do các yếu tố bên ngoài. Một đồng franc mạnh làm giá nhập khẩu hàng hóa vào Thụy Sỹ giảm mạnh. Xét tới việc hàng nhập khẩu chiếm 23% rổ hàng hóa tính CPI của nước này, điều này có ảnh hưởng lớn tới tình hình lạm phát nói chung của Thụy Sỹ”, bà Montpellier nói với CNBC.
Dữ liệu lạm phát tháng 5 đánh dấu lần đầu tiên Thụy Sỹ giảm phát kể từ đại dịch Covid-19. Tình hình này có thể buộc Ngân hàng Trung ương Thụy Sỹ (SNB) sử dụng hai công cụ chủ chốt đã từng thực hiện trước đây để giải quyết vấn đề mà bà Montepellier gọi là “cơn đau đầu dai dẳng” đối với cơ quan này. Hai công cụ đó bao gồm lãi suất âm và can thiệp tỷ giá.
SNB chấm dứt thời kỳ lãi suất âm kéo dài 7 năm vào năm 2022. Đó là một chính sách không được lòng người gửi tiền và người cho vay tiền ở Thụy Sỹ, vì khiến người gửi tiền không có lãi và biên lợi nhuận của các ngân hàng trở nên rất hạn hẹp.
Trong cuộc họp chính sách tiền tệ gần đây nhất vào tháng 3, SNB giảm lãi suất tham chiếu 0,25 điểm phần trăm còn 0,25%.
Sau khi dữ liệu lạm phát mới nhất được công bố, SNB được dự báo sẽ “tìm cách chống lại sự tăng giá của đồng franc bằng những công cụ sẵn có”, bà Montpellier nói.
“Dựa trên số liệu hiện tại, việc quay trở lại với lãi suất âm trước cuối năm đang là một khả năng ngày càng lớn. Kịch bản chính của chúng tôi là từ nay đến tháng 9, SNB sẽ có hai đợt giảm lãi suất 0,25 điểm phần trăm mỗi đợt, đưa lãi suất chính sách về âm 0,25%. Dù SNB muốn tránh việc giảm mạnh lãi suất, khả năng có một đợt giảm 0,5 điểm phần trăm trong tháng 6 là không thể loại trừ”, bà nhận định.
ING dự báo SNB sẽ dừng giảm lãi suất ở mức âm 0,25%, bà Montpellier nói rằng nếu đồng franc còn tăng giá, SNB sẽ không còn nhiều lựa chọn ngoài việc tiếp tục đẩy lãi suất xuống sâu hơn dưới 0.
Giáo sư tài chính Lily Fang của trường kinh doanh INSEAD nói với CNBC rằng điều kiện hiện tại có thể khiến Thụy Sỹ quay trở lại với môi trường lãi suất âm - một nước đi mà Chủ tịch SNB Martin Schelgel đã nhấn mạnh là một lựa chọn để ngỏ. “Nhà chức trách Thụy Sỹ đang lo ngại rõ ràng, bởi họ là một nền kinh tế nhỏ, có độ mở lớn phụ thuộc vào thương mại quốc tế, và Mỹ là đối tác thương mại quan trọng nhất của Thụy Sỹ ngoài Liên minh châu Âu (EU)”, bà Fang nhận xét.
“Thụy Sỹ đã tiến hành hạ lãi suất trước eurozone. Tôi nghĩ rất có khả năng họ sẽ giảm lãi suất về 0 và thậm chí là âm”.
Một công cụ khác mà SNB từng sử dụng trước kia để hạn chế đà tăng của đồng franc Thụy Sỹ là can thiệp vào thị trường ngoại hối bằng cách bán ra đồng franc và mua vào ngoại tệ. Tuy nhiên, với việc Tổng thống Donald Trump đã trở lại lãnh đạo Nhà Trắng, chiến lược này của SNB có thể đối mặt nhiều thách thức chính trị.
Hồi năm 2020, thời nhiệm kỳ đầu của ông Trump, Bộ Tài chính Mỹ đã quy Thụy Sỹ là một quốc gia thao túng tỷ giá, cáo buộc nước này cố tình phá giá đồng franc so với USD. Khi đó, SNB đã phủ nhận những cáo buộc này của Mỹ.
Lần này, chính quyền ông Trump đã nói rằng can thiệp tỷ giá và các hàng rào phi thuế quan được tính đến trong việc đưa ra mức thuế đối ứng với từng quốc gia cụ thể. Washington đã tính toán rằng Thụy Sỹ - quốc gia đã dỡ bỏ mọi thuế quan về công nghiệp trong năm ngoái - áp thuế quan 61% lên hàng hóa Mỹ, và Mỹ đáp trả bằng cách đánh thuế đối ứng 31% đối với hàng hóa Thụy Sỹ.
Bà Montepellier thừa nhận rằng bất kỳ động thái can thiệp tỷ giá nào của SNB cũng có khả năng “khiến chính quyền Mỹ không hài lòng”, nhưng bà lập luận rằng vẫn có khả năng SNB sẽ can thiệp vào thị trường trong những tháng tới.
Ông Alex King - nhà sáng lập nền tảng tài chính cá nhân Generation Money - lập luận rằng bất kỳ động thái nào của SNB trực tiếp mua vào ngoại tệ “khó có thể được yên với chính quyền Mỹ”.
“Khi Thụy Sỹ bị dán nhãn thao túng tỷ giá vào năm 2020, mối đe dọa thuế quan chưa phải là chuyện lớn. Bây giờ, nước này đang ở vào thế tiến thoái lưỡng nan”, ông King nói với CNBC. “Nếu SNB can thiệp trực tiếp lần nữa vào thị trường ngoại hối, Thụy Sỹ có thể bị Mỹ đánh thuế quan cao hơn, và ảnh hưởng tiêu cực của việc này có thể còn tệ hơn cả áp lực giảm phát trong ngắn hạn”.
Tháng trước, Chủ tịch Schlegel của SNB nói giới chức Thụy Sỹ đã có các cuộc trao đổi mang tính xây dựng với phía Mỹ về vấn đề can thiệp tỷ giá của SNB. “Chúng tôi chưa bao giờ gây ảnh hưởng lên tỷ giá để nhằm mục đích giành lợi thế”, ông Schelegel nói tại một sự kiện ở Lucerne.
“Tôi không chắc là Thụy Sỹ có ngay lập tức can thiệp vào thị trường ngoại hối hay không, bởi Mỹ có thể dán nhãn thao túng tỷ giá lên họ. Tôi không cho là Thụy Sỹ muốn bị dán nhãn như vậy một lần nữa, nên can thiệp tỷ giá có lẽ sẽ là lựa chọn cuối cùng của họ”, bà Fang nhận xét."
11,2025-06-05,Ba rủi ro lớn nhà đầu tư cần lưu ý trong tháng 6,https://vneconomy.vn/ba-rui-ro-lon-nha-dau-tu-can-luu-y-trong-thang-6.htm,"Trong báo cáo cập nhật triển vọng thị trường tháng 6/2025, Chứng khoán Rồng Việt (VDSC) cho rằng thị trường nhiều khả năng sẽ tiếp tục diễn biến thuận lợi nhờ tâm lý nhà đầu tư được củng cố đáng kể.
Mặc dù vậy, theo VDSC, vẫn còn 3 rủi ro lớn nhà đầu tư cần lưu ý trong tháng này. Thứ nhất, rủi ro giá vàng tăng khi xung đột leo thang giữa Nga và Ukraina nhằm đạt lợi thế đàm phán.
Nga và Ukraina đã tổ chức vòng đàm phán hòa bình thứ hai tại Istanbul, Thổ Nhĩ Kỳ, kể từ tháng 3 năm 2022. Cuộc đàm phán kéo dài hơn một giờ, nhưng không đạt được tiến triển đáng kể về thỏa thuận ngừng bắn. Trước đó, cả hai bên đã gia tăng xung đột nhằm tạo lợi thế đàm phán.
Trong vòng đàm phán mới đây, Nga nhấn mạnh yêu cầu lãnh thổ và điều kiện cứng rắn, trong khi Ukraina tìm kiếm hòa bình mà không mất chủ quyền. Điều này cho thấy xung đột không dễ dàng giải quyết. Không loại trừ các kịch bản xung đột vũ trang mạnh hơn trong thời gian tới.
Vì tính chất trọng yếu của khả năng leo thang, giá vàng (tài sản trú ấn) có thể tiếp tục lập đỉnh mới. Trong lịch sử, giá vàng và thị trường trường chứng khoán toàn câu tương quan nghịch với nhau trong 10 phiên tiếp theo sau những sự kiện khủng hoàng địa chính trị toàn cầu.
Thứ hai thị trường tài chính Nhật Bản đang đối mặt với một cuộc khủng hoảng tiềm ẩn do lợi suất Trái phiếu Chính phủ tăng vọt. Lợi suất trái phiếu chính phủ Nhật Bản tăng vọt, đặc biệt là trong các kỳ hạn siêu dài hạn (JGB kỳ hạn 20, 30 và 40 năm), đã đạt mức cao nhất lịch sử trong những ngày giao dịch cuối tháng 5. Điều này tác động đáng kể đến các tổ chức tài chính ở Nhật Bản nắm giữ danh mục đầu tư trái phiếu lớn.
Lợi suất tăng khiến giá trái phiếu giảm (do mối quan hệ nghịch đảo), dẫn đến tổn thất chưa thực hiện trên danh mục đầu tư của họ. Các khoản lỗ chưa thực hiện từ trái phiếu trong nước nắm giữ của 4 công ty bảo hiểm nhân thọ lớn nhất Nhật Bản đã tăng lên mức kỷ lục 60 tỷ đô la trong quý 1 năm 2025.
Ngoài ra, tác động trên còn có thể gây thách thức về thanh khoản làm mất ổn dịnh bảng cân đối kế toán, đặc biệt là đối với các ngân hàng và công ty bảo hiểm. Trong bối cảnh, cảnh lạm phát vượt quá 2% trong ba năm, đạt 3,6% trong lần công bố mới đây, BoJ sẽ phải cân nhắc và thận trọng điều hành khi thực hiện tham vọng rút khỏi chính sách tiền tệ siêu nới lỏng trong những thập niên vừa qua.
Với việc nằm trong nhóm dẫn đầu đầu tư vào Việt Nam, biến động thị trường vốn tại Nhật Bản có thể ảnh hưởng đến khả năng rút ròng của nhà đầu tư Nhật Bản.
Thứ ba, rủi ro liên quan đến chính sách thuế quan đã giảm đáng kể sau vòng đàm phán thứ hai giữa Việt Nam và Hoa Kỳ. Trong ngắn hạn, giao dịch sẽ tiếp tục thuận lợi, được hỗ trợ bởi tâm lý tích cực khi lo ngại suy giảm tăng trưởng dần hạ nhiệt. Điều này giúp kỳ vọng về kịch bản tăng trưởng cơ sở từ đầu năm được củng cố trở lại. VN-Index ghi nhận mức tăng tháng ấn tượng 8% trong tháng qua tuy nhiên sự phục hồi diễn ra không đồng đều giữa các nhóm ngành.
Nhà đầu tư nên tận dụng cơ hội để cân bằng lại danh mục, đón đầu sự luân chuyển dòng tiền giữa các nhóm ngành.
Mặc dù môi trường đã ổn định hơn, nhà đầu tư cần cảnh giác với rủi ro bất ngờ, đặc biệt là khi thời hạn 90 ngày tạm hoãn áp thuế sắp kết thúc. Trước các sự kiện quan trọng hoặc khi rủi ro bất ngờ xãy ra, nhà đầu tư có thể cân nhắc gia tăng sức mua cho danh mục, hoặc mở vị thế phòng ngừa bằng hợp đồng tương lai để hạn chế tổn thất cho danh mục."
12,2025-06-05,Nguyên Phó thủ tướng Đức tham gia Hội đồng quản trị Vietjet,https://vneconomy.vn/nguyen-pho-thu-tuong-duc-tham-gia-hoi-dong-quan-tri-vietjet.htm,"Công ty cổ phần Hàng không Vietjet (mã VJC-HOSE) vừa thông báo thay đổi nhân sự - Miễn nhiệm và bổ nhiệm thành viên HĐQT.
Theo đó, VJC bổ nhiệm ông Philipp Rösler làm thành viên HĐQT VJC, nhiệm kỳ 2022-2027.
Được biết, ông Philipp Rösler sinh năm 1973, là cựu phó thủ tướng Đức gốc Việt. Ông có hơn 30 năm kinh nghiệm trong lĩnh vực kinh tế, từng giữ nhiều vị trí quan trọng tại các tập đoàn lớn trên thế giới như Siemens, Deutsche Bahn và Lufthansa. Ông Philipp Rösler từng giữ chức Chủ tịch Ban cố vấn quốc tế VinaCapital Ventures.
Tiến sĩ Philipp Rösler từng đảm nhiệm nhiều vị trí quan trọng trong hệ thống chính trị Liên bang Đức như: phó thủ tướng kiêm bộ trưởng Bộ Kinh tế và công nghệ, bộ trưởng Bộ Y tế, chủ tịch Đảng Dân chủ tự do FDP...
Sau khi rời chính trường Đức, Ông Philipp Rösler chính thức trở thành Thành viên độc lập HĐQT nhiệm kỳ 2022 – 2027 của Vietravel Airlines vào ngày 23/10/2023. Tại Vietravel Airlines, ông Philipp Rösler sẽ đóng vai trò là thành viên hội đồng quản trị độc lập, hỗ trợ hãng trong việc phát triển mạng lưới đối tác quốc tế, đặc biệt là các đối tác tại thị trường châu Â và châu Á - Thái Bình Dương.
Ngoài bổ sung thêm thành viên, Vietjet cũng miễn nhiệm vai trò thành viên HĐQT với các ông Donal Boylan, Lưu Đức Khánh, Chu Việt Cường và Nguyễn Thanh Hùng. Công ty cho biết lý do miễn nhiệm là để các lãnh đạo này chuyển sang đảm nhiệm vị trí thành viên hội đồng sáng lập của hãng.
Được biết, VJC đã tổ chức thành công ĐHĐCĐ thường niên 2025. Theo đó, VJC đặt kế hoạch doanh thu năm 2025 là 81.600 tỷ đồng (+13,4% YoY) và kế hoạch năm 2025: 70% dự báo cả năm của VCSC) và LNTT là 2.200 tỷ đồng (+20,7% YoY; 50% dự báo cả năm của VCSC). Nhìn chung, VCSC nhận thấy rủi ro điều chỉnh giảm đối với dự báo của VCSC, dù cần thêm đánh giá chi tiết.
Mở rộng đội bay: VJC có kế hoạch mở rộng đội bay lên 101 tàu bay vào cuối năm 2025, tăng từ 94 tàu bay vào cuối năm 2024. Từ đầu năm 2025 đến nay, VJC đã nhận thêm 2 tàu bay, nâng tổng số lên 96 chiếc. Công ty gần đây đã hoàn tất đơn đặt hàng thêm 20 tàu bay thân rộng A330neo, nâng tổng số đơn đặt hàng tàu bay thân rộng lên 40 chiếc. VJC và Boeing cũng đã đạt được thỏa thuận sửa đổi để bàn giao 50 tàu bay Boeing 737 cho Vietjet Thái Lan, một phần của hợp đồng 200 tàu bay đã ký trước đó, dự kiến bắt đầu bàn giao vào năm 2025.
Doanh thu phụ trợ: Vẫn là một trọng tâm chiến lược. VJC đang mở rộng sang mảng bán dịch vụ tài chính liên quan đến du lịch trên nhiều nền tảng (ví dụ: đổi ngoại tệ, thẻ tín dụng). Những sáng kiến này củng cố khả năng phục hồi doanh thu trong bối cảnh cạnh tranh về giá vé.
Mở rộng đường bay dài: Tính đến năm 2024, VJC khai thác 145 đường bay (101 quốc tế, 44 nội địa). Ban lãnh đạo đang chuẩn bị và lên kế hoạch mở rộng năng lực bay đường dài hơn nữa. Đặc biệt, với đội tàu bay thân rộng A330neo gồm 20 chiếc mới – VJC đặt mục tiêu sử dụng để mở rộng sang các thị trường Châu Âu (Đông Âu, Ba Lan, sau đó là Anh/Đức/Pháp, v.v.) và Mỹ & Canada (Vancouver, Toronto, Atlanta, Houston, v.v.). Trong quý 1/2025, VJC đã mở 18 đường bay mới cả nội địa và quốc tế.
Sân bay Quốc tế Long Thành (LTA): VJC đã nhận được chấp thuận đầu tư xây dựng hangar bảo dưỡng số 3 và số 4 với tổng diện tích 8ha. Công ty đã hoàn tất các phê duyệt thiết kế ở cấp độ công ty và lựa chọn nhà thầu EPC, theo ban lãnh đạo.
Phát hành quyền mua và cổ tức: VJC sẽ tăng vốn điều lệ từ mức hiện tại 5.400 tỷ đồng lên 5.900 tỷ đồng (+9,2%) thông qua phát hành quyền mua, với mỗi 100 cổ phiếu hiện hữu được quyền mua 9,2 cổ phiếu mới với giá 10.000 đồng/cổ phiếu. Sau đó, VJC sẽ phân phối lợi nhuận năm 2025 dựa trên số cổ phiếu đang lưu hành mới, với 20% mệnh giá bằng tiền mặt và/hoặc bằng cổ phiếu.
Theo báo cáo kết quả kinh doanh quý 1/2025, VJC ghi nhận doanh thu đạt 17.952 tỷ đồng và 836 tỷ đồng lợi nhuận trước thuế, tăng 24% so với cùng kỳ năm 2024.
Trong 3 tháng đầu năm 2025, Vietjet đã vận chuyển hơn 6,87 triệu khách, trên gần 38.700 chuyến bay, lần lượt tăng hơn 9% và 12% so với cùng kỳ năm 2024. Hãng khai thác tổng cộng 137 đường bay, bao gồm 40 đường bay nội địa và 97 đường bay quốc tế."
13,2025-06-05,"Tổ chức trong nước gom không ngừng nghỉ, mua ròng 500 tỷ phiên nay",https://vneconomy.vn/to-chuc-trong-nuoc-gom-khong-ngung-nghi-mua-rong-500-ty-phien-nay.htm,"Thị trường đang lo ngại trở lại với những thông tin liên quan đến thuế quan dù đàm phán hai bên Việt - Mỹ đang có những tiến triển tích cực. Tuy nhiên, thuế suất dù được kỳ vọng giảm so với mức tối đa 46% song vẫn tác động tiêu cực đến các nhóm ngành xuất khẩu, từ đó gây ảnh hưởng tăng trưởng kinh tế.
Chỉ số có lúc rớt sâu 9 điểm nhưng sau đó hồi dần đóng cửa chỉ còn giảm 3,65 điểm lùi về vùng 1.342 với độ rộng xấu hơn hôm qua 168 mã giảm điểm trên 143 mã tăng. Tiền tiếp tục bị rút khỏi nhóm vốn hóa lớn, trong khi chỉ còn lại lác đác một vài ngành ở nhóm vốn hóa vừa giữ được nhịp tăng. Trong đó có đầu tư công và điện. Hai nhóm này tăng lần lượt 1,56% và 1,39% hàng loạt cổ bung trần như HUT, HTN, VC2, REE, ISH, CC1 tăng 13%.
Còn lại hầu hết các nhóm ngành đều chỉm trong biển đỏ như Ngân hàng, Chứng khoán, Bất động sản. Họ nhà Vin hôm nay cũng bị chốt lời. Riêng bất động sản khu công nghiệp có sự kỳ vọng lớn hơn khi KBC, BCM, SIP, SNZ vẫn duy trì đà tăng trưởng khá.  Nhóm môi giới như DXS kịch trần, CRE tăng 2%...
Chứng khoán cũng bị bán trên diện rộng ngoại trừ VCI và CTS còn lại tốc độ giảm trung bình của các cổ phiếu ngành này 1%. Top cổ phiếu thổi bay điểm số của thị trường hôm nay có VCB, GAS, TCB, BID, HPG, VNM, VHM, VPB, tổng cộng nhóm này đánh bay 3,10 điểm của Vn-Index.
Ngược lại, MSN và REE còng lưng gánh thị trường, hai mã này lấy lại hơn 1 điểm. Dòng tiền có dấu hiệu thận trọng khi chỉ còn ít ngày nữa sẽ có kết quả đàm phát thuế quan, ba sàn hôm nay khớp lệnh 21.500 tỷ đồng trong đó khối ngoại bán ròng 489.6 tỷ đồng, tính riêng giao dịch khớp lệnh thì họ bán ròng 476.7 tỷ đồng.
Mua ròng khớp lệnh chính của nước ngoài là nhóm Thực phẩm và đồ uống, Hóa chất. Top mua ròng khớp lệnh của nước ngoài gồm các mã: MSN, VND, SSI, VRE, KBC, NVL, VIB, CSV, SZC, NKG. Phía bên bán ròng khớp lệnh của nước ngoài là nhóm Ngân hàng. Top bán ròng khớp lệnh của nước ngoài gồm các mã: STB, VHM, VIC, VIX, DXG, FPT, HPG, HAH, EIB.
Nhà đầu tư cá nhân bán ròng 154.0 tỷ đồng, trong đó họ bán ròng khớp lệnh là 59.9 tỷ đồng. Tính riêng giao dịch khớp lệnh, họ mua ròng 11/18 ngành, chủ yếu là ngành Bất động sản. Top mua ròng của nhà đầu tư cá nhân tập trung gồm: VIC, DXG, STB, EVF, VCB, FPT, MSB, PNJ, HDB, KBC.
Phía bán ròng khớp lệnh: họ bán ròng 7/18 ngành chủ yếu là nhóm ngành Thực phẩm và đồ uống, Hàng & Dịch vụ Công nghiệp. Top bán rồng có: MSN, SHB, VHM, VSC, VRE, DBC, NVL, HPG, GEX
Tự doanh mua ròng 130.9 tỷ đồng tính riêng khớp lệnh họ mua ròng 122.0 tỷ đồng. Tính riêng giao dịch khớp lệnh: Tự doanh mua ròng 13/18 ngành. Nhóm mua ròng mạnh nhất là Ngân hàng, Bất động sản. Top mua ròng khớp lệnh của tự doanh phiên ngày hôm nay gồm VHM, STB, MWG, MBB, EIB, TCB, VIC, VHC, GMD, SSI. Top bán ròng là nhóm Tài nguyên Cơ bản. Top cổ phiếu được bán ròng gồm HPG, FPT, KBC, VCI, HDB, VIB, PLX, CII, VGC, DXG.
Nhà đầu tư tổ chức trong nước mua ròng 498.8 tỷ đồng, tính riêng khớp lệnh thì họ mua ròng 414.7 tỷ đồng. Tính riêng giao dịch khớp lệnh: Tổ chức trong nước bán ròng 5/18 ngành, giá trị lớn nhất là nhóm Hóa chất Top bán ròng có VND, VIC, KBC, SSI, DXG, MSB, VCB, SZC, DGC, EVF. Giá trị mua ròng lớn nhất là nhóm Hàng & Dịch vụ Công nghiệp. Top mua ròng có VHM, SHB, HPG, VSC, STB, VIX, HAH, VCI, HDB, GEX.
Giá trị giao dịch thỏa thuận hôm nay đạt 2.003,3 tỷ đồng, giảm -27,6% so với phiên liền trước và đóng góp 9,2% tổng giá trị giao dịch. Hôm nay có giao dịch thỏa thuận đáng chú ý giữa các Tố chức trong nước ở một số cố phiếu: FPT, STB, EIB, HAH, VND, KDC.
Tỷ trọng phân bổ dòng tiền tăng ở Chứng khoán, Xây dựng, Hóa chất, Thực phẩm, Kho bãi, hậu cần và bảo dưỡng, Khai khoáng, Chuyển phát nhanh, Sản xuất ô tô trong khi giảm ở Bất động sản, Ngân hàng, Thép, Nuôi trồng nông & hải sản, Bán lẻ, Dầu khí, Tài chính cá nhân.
Tính riêng khớp lệnh, tỷ trọng phân bổ dòng tiền tăng ở nhóm vốn hóa lớn VN30 và nhỏ VNSML, trong khi giảm ở nhóm vốn hóa vừa VNMID."
14,2025-06-05,"Blog chứng khoán: Tâm lý phòng thủ xuất hiện, cường độ giao dịch giảm",https://vneconomy.vn/blog-chung-khoan-tam-ly-phong-thu-xuat-hien-cuong-do-giao-dich-giam.htm,"Thị trường tổng thể vẫn phập phù trong vùng đỉnh cũ, chỉ có một số cổ phiếu vừa và nhỏ là giao dịch tốt. Cơ hội vẫn nằm ở nhóm này nhưng có vẻ sức bền ở nhiều mã cũng không ổn định khiến xác suất chọn sai cũng gia tăng.
Thông tin có vẻ bất lợi liên quan đến đàm phán thuế quan với Mỹ xuất hiện đầu giờ hôm nay, tuy không dẫn đến nhưng xáo trộn lớn nhưng khiến dòng tiền co lại đáng kể. Phản ứng phòng thủ đầu tiên và dễ xảy ra nhất là nhà đầu tư giảm cường độ giao dịch, tâm lý hưng phấn giảm xuống.
Thanh khoản khớp lệnh hai sàn hôm nay giảm khoảng 15% so với hôm qua, lần đầu tiên sau 18 phiên giảm xuống dưới ngưỡng 20k tỷ chưa kể thỏa thuận. Rất nhiều cổ phiếu giảm giá sâu đi cùng với thanh khoản khá cao cho thấy áp lực bán đã kiềm chế dao động rõ ràng. Dĩ nhiên thị trường lúc nào cũng có mã tăng mã giảm, nhưng phân bổ dòng tiền nghiêng nhiều về phía giảm giá, kết hợp với hướng dao động kiểu tăng trước giảm sau không phải là tín hiệu tốt.
Nhóm blue-chips phần lớn là yếu, MSN chỉ là hiện tượng đơn lẻ, hôm nay có lực mua khá tốt từ khối ngoại. Bản thân cổ phiếu này cũng hầu như không tăng trong tháng 5 và giá đến giờ vẫn chưa “vá” lại được cú sụt giảm do thuế đối ứng. VNI giảm nhẹ phiên này chủ yếu nhờ các trụ khác giảm ít, hơn là có sự co kéo điểm số như các phiên trước. Thanh khoản rổ VN30 cũng đang ở mức thấp nhất 23 phiên cho thấy các tổ chức cũng giảm giao dịch.
Ở nhóm vừa và nhỏ, tổng thể là phân hóa và các mã tăng giảm luân phiên, hiếm có mã nào tăng liên tục. DXS, CRE, SCR, REE là hiện tượng cá biệt không nên nhìn vào để đánh giá lạc quan tổng thể. Những cổ phiếu được đầu cơ dữ dội thời gian qua và tạo hình “cây thông” thì đều đang có nguy cơ rơi vào nhịp điều chỉnh hoặc đã ở bên kia sườn dốc, hồi lên không phải là cơ hội. Nói chung nhóm này vẫn là cuộc chơi rủi ro, không nên say sưa và đánh lớn.
Hiện thị trường vẫn không có thông tin nào hỗ trợ một cách rõ ràng, tất cả chỉ là kỳ vọng mơ hồ về một kịch bản tốt có thể xảy ra. Đáng tiếc đây lại là yếu tố không thể chắc chắn. Tâm lý thông thường luôn hướng về một “vùng tươi sáng” mà tránh né nguy hiểm, thậm chí mua một tờ vé số còn nghĩ luôn đến tiêu gì nếu trúng độc đắc chứ mấy ai nghĩ đến chuyện mất tiền? Tuy nhiên đầu tư thì không phải vậy, nên có các kế hoạch khác nhau và sẵn sàng hành động khi điều kiện được kích hoạt. Nhịp tăng vừa rồi rất tốt và đa số kiếm được tiền, nhưng giữ tiền mới thể hiện kỹ năng.
Thị trường phái sinh hôm nay tiếp tục duy trì chênh lệch rộng nhất khi VN30 được neo cao và tăng đầu ngày. Chỉ số va chạm với 1437.xx rồi đi xuống nhưng basis chiết khấu tới gần 7 điểm. Khi chỉ số rơi dần xuống 1430.xx thậm chí là xuyên qua thì basis lại co lại. Sau đó VN30 dao động quanh 1430.xx rất khó chịu, không có quán tính nên các điểm Long hay Short đều không hiệu quả.
Với hiện tượng xoay vòng yếu dần ở nhóm cổ phiếu vừa và nhỏ, cơ hội ngắn hạn cũng không nhiều và có vẻ rủi ro cao. Blue-chips thì ít cơ hội, phái sinh cũng dở. Nói chung khó quá thì nghỉ ngơi, không nhất thiết phải cố vớt vát.
VN30 đóng cửa hôm nay tại 1432.38. Cản gần nhất ngày mai là 1437; 1442; 1450; 1458; 1463; 1473. Hỗ trợ 1430; 1425; 1414; 1408; 1403; 1395; 1384.
“Blog chứng khoán” mang tính chất cá nhân và không đại diện cho ý kiến của VnEconomy. Những quan điểm, đánh giá là của cá nhân nhà đầu tư và VnEconomy tôn trọng quan điểm cũng như văn phong của tác giả. VnEconomy và tác giả không chịu trách nhiệm về những vấn đề phát sinh liên quan đến các đánh giá và quan điểm đầu tư được đăng tải."
15,2025-06-05,BCM lấy ý kiến cổ đông về việc chào bán cổ phiếu để tăng vốn,https://vneconomy.vn/bcm-lay-y-kien-co-dong-ve-viec-chao-ban-co-phieu-de-tang-von.htm,"Tổng công ty Đầu tư và Phát triển công nghiệp – CTCP - Becamex IDC (mã BCM-HOSE) xin ý kiến cổ đông về phương án chào bán cổ phiếu mới.
Theo đó, ngày 19/6 tới đây, Becamex IDC sẽ chốt danh sách cổ đông thực hiện lấy ý kiến cổ đông bằng văn bản, thời gian lấy ý kiến dự kiến trong tháng 7/2025.
Trong đó, Becamex IDC dự kiến trình cổ đông thông qua phương án phát hành chào bán thêm cổ phiếu ra công chúng để tăng vốn điều lệ.
Trước đó, Becamex IDC lên kế hoạch đấu giá 300 triệu cổ phiếu với giá khởi điểm 69.600 đồng/cổ phiếu vào ngày 28/4 trên Sở Giao dịch Chứng khoán TP.HCM.
Tuy nhiên, đến ngày 11/4, BCM thông báo tạm hoãn đợt chào bán thêm cổ phiếu ra công chúng để tăng vốn điều lệ của Tổng Công ty theo phương án phát hành đã được Đại hội đồng cổ đông và HĐQT của Tổng Công ty Đầu tư và Phát triển Công nghiệp - CTCP phê duyệt nhằm đảm bảo lợi ích của Tổng Công ty Đầu tư và Phát triển Công nghiệp - CTCP, cổ đông trong điều kiện thị trường chứng khoán không thuận lợi cho đợt chào bán.
Theo kế hoạch, BCM sẽ chào bán 300 triệu cổ phần, với giá khởi điểm 69.600 đồng/cổ phiếu (tương đương thị giá cổ phiếu BCM hiện nay trên sàn). Nếu đợt đấu giá thành công, Becamex IDC có thể thu về ít nhất 20.880 tỷ đồng.
Theo bản cáo bạch, tổng số tiền thu được từ việc chào bán sẽ được phân bổ cho: Đầu tư vào KCN Cây Trường và KCN Bàu Bàng Mở rộng tại tỉnh Bình Dương; Tăng vốn cho các công ty liên kết, bao gồm Công ty Liên doanh Phát triển Công nghiệp Việt Nam-Singapore (VSIP); Công ty Cổ phần Phát triển Hạ tầng Becamex Bình Phước; Công ty Cổ phần Đầu tư và Phát triển Năng lượng Becamex-VSIP (BVP); Công ty Cổ phần Giải pháp Năng lượng Thông minh Việt Nam-Singapore (VSSES); và Công ty Cổ phần Becamex Bình Định; Tái cấu trúc tài chính, bao gồm thanh toán các trái phiếu và khoản vay hiện tại, tổng giá trị 5.060 tỷ đồng.
Kết thúc quý 1/2025, BCM ghi nhận lợi nhuận sau thuế hợp nhất đạt gần 366 tỷ đồng, tăng 206,58% so với cùng kỳ (119,23 tỷ đồng) là do doanh thu thuần tăng 1.031 tỷ đồng làm lợi nhuận gộp tăng 130 tỷ; lãi trong công ty liên doanh liên kết tăng 211 tỷ.
Theo nhận định từ VCSC, BCM sở hữu quỹ đất lớn, bao gồm 950 ha đất KCN thương phẩm và 1.200 ha đất khu đô thị (KĐT) thương phẩm tính đến cuối năm 2024.
BCM còn có sự hiện diện đáng kể trong ngành thông qua các công ty liên doanh/liên kết, bao gồm VSIP (nhà phát triển KCN lớn nhất Việt Nam với quỹ đất đạt khoảng 11.600 ha; BCM sở hữu 49%), BW Industrial (nhà phát triển logistics hàng đầu Việt Nam với hơn 1.000 ha quỹ đất công nghiệp/logistics; BCM sở hữu 24%), Becamex Bình Phước (4.668 ha; BCM sở hữu trực tiếp 40%) và Becamex VSIP Bình Định (1.374 ha; BCM sở hữu 40%).
VCSC cho biết dự báo tăng trưởng LNST sau lợi ích CĐTS năm 2025/26 của VCSC được thúc đẩy bởi sự phục hồi trong doanh số bán đất nhà ở của Bình Dương khi hạ tầng khu vực tiếp tục được phát triển, thu nhập từ công ty liên kết tăng lần lượt 17%/18% trong năm 2025/26 nhờ tăng trưởng lợi nhuận từ VSIP và BW Industrial, và việc mở bán KCN Cây Trường (tổng diện tích đất là 700 ha) và giai đoạn còn lại tại KCN Bàu Bàng Mở rộng (tổng diện tích đất là 320 ha).
BCM hiện đang giao dịch với P/B quý gần nhất ở mức cao là 4,0 lần, so với trung vị P/B của một số công ty cùng ngành 2,1 lần. VCSC cho rằng BCM hiện có mức P/B hợp lý do vị thế dẫn đầu trong lĩnh vực phát triển KCN, sở hữu quỹ đất lớn cũng như các công ty liên kết có giá trị của BCM.
Chốt phiên giao dịch ngày 5/6, giá cổ phiếu BCM tăng 0,16% lên 60.900 đồng/cổ phiếu."
16,2025-06-05,"ECB hạ lãi suất, giảm dự báo lạm phát",https://vneconomy.vn/ecb-ha-lai-suat-giam-du-bao-lam-phat.htm,"Động thái không nằm ngoài dự báo này đưa lãi suất tham chiếu của đồng euro về 2%, bằng một nửa so với mức đỉnh 4% vào giữa năm 2023 trước khi ECB khởi động chu kỳ chính sách tiền tệ.
“Đặc biệt, quyết định giảm lãi suất này dựa trên đánh giá cập nhật của ECB về triển vọng lạm phát, các động lực lạm phát lõi và mức độ truyền dẫn của chính sách tiền tệ vào nền kinh tế”, tuyên bố của ECB sau cuộc họp ở Frankfurt cho biết.
Theo hãng tin CNBC, trong một cuộc họp báo sau cuộc họp của ECB, Chủ tịch ECB Christine Lagardge tiết lộ rằng trong hội đồng thống đốc, có một thành viên không ủng hộ quyết định giảm lãi suất này.
Đợt giảm lãi suất này của ECB diễn ra sau khi số liệu thống kê mới nhất cho thấy lạm phát ở khu vực đồng tiền chung eurozone trong tháng 5 giảm xuống thấp hơn mức mục tiêu 2% của ECB. Theo số liệu sơ bộ, chỉ số giá tiêu dùng (CPI) của khu vực trong tháng trước chỉ tăng 1,9% so với cùng kỳ năm ngoái.
Trong dự báo kinh tế cập nhật hàng quý công bố sau cuộc họp này, ECB dự báo tốc độ lạm phát bình quân của năm 2025 là 2%, giảm từ mức dự báo 2,3% đưa ra hồi tháng 3.
“Việc điều chỉnh giảm dự báo lạm phát 0,3 điểm phần trăm cho cả năm 2025 và 2026 chủ yếu phản ánh dự báo rằng giá năng lượng sẽ thấp hơn và đồng euro còn tiếp tục tăng giá”, ECB cho biết.
Từ đầu năm đến nay, đồng euro đã tăng giá khoảng 10% so với USD. Sau khi ECB giảm lãi suất, đồng euro có lúc tăng gần 0,6% trong phiên giao dịch ngày 5/6, đạt 1 euro đổi gần 1,15 USD. Giá dầu Brent giao sau tại thị trường London đã giảm hơn 13% kể từ đầu năm, còn hơn 65 USD/thùng.
Tuy hạ dự báo lạm phát toàn phần, ECB nâng dự báo lạm phát lõi của năm nay lên 2,4%, từ mức 2,4% đưa ra hồi tháng 3. Nguyên nhân phía sau kỳ vọng lạm phát lõi tăng là lạm phát giá dịch vụ còn dai dẳng ở mức cao.
Bà Lagarde cũng lưu ý rằng “triển vọng lạm phát của khu vực đồng euro đang trở nên bất định hơn bao giờ hết”.
Tăng trưởng kinh tế eurozone vẫn đang trong tình trạng ảm đạm dù ECB đã hạ lãi suất liên tục 8 lần trong vòng 1 năm trở lại đây. Số liệu mới nhất cho thấy trong quý 1 năm nay, nền kinh tế khu vực tăng trưởng 0,3% so với quý trước. Trong lần cập nhật này, ECB giữ nguyên dự báo tăng trưởng kinh tế eurozone năm 2025 ở mức 0,9%, cho rằng sự tăng trưởng mạnh hơn dự báo trong quý 1 sẽ bù lại một phần khả năng suy giảm tăng trưởng trong những quý còn lại.
“Sự bất định về chính sách tương mại được dự báo sẽ tiếp tục gây áp lực lên hoạt động đầu tư và xuất khẩu, nhất là trong ngắn hạn. Nhưng đầu tư của chính phủ cho quốc phòng và hạ tầng tăng lên sẽ hỗ trợ nhiều hơn cho tăng trưởng trong trung hạn”, tuyên bố của ECB viết.
Đợt hạ lãi suất này của ECB diễn ra vào một thời điểm quan trọng đối với nền kinh tế eurozone, khi doanh nghiệp và các nhà hoạch định chính sách trong khu vực đương đầu với một bối cảnh hết sức bấp bênh do căng thẳng thương mại toàn cầu leo thang. Chính sách thuế quan của Tổng thống Mỹ Donald Trump vẫn đang là một mối quan ngại chính của eurozone, và thuế quan mà Mỹ áp lên hàng hóa châu Âu được dự báo sẽ gây áp lực suy giảm tăng trưởng đối với nền kinh tế khu vực, nhất là thuế qua áp theo ngành như thuế thép và ô tô.
Tác động của thuế quan đối với lạm phát ở eurozone đến hiện tại chưa được xác định rõ ràng và có thể phụ thuộc vào việc Liên minh châu Âu (EU) có đáp trả thuế quan của Mỹ hay không và đáp trả như thế nào. Hiện EU đang hoãn trả đũa Mỹ để đàm phán, nhưng các nhà lãnh đạo của khối đã nói rằng họ sẵn sàng thực thi các biện pháp đáp trả nếu cần thiết. Ngoài ra, giới chuyên gia cũng còn chưa chắc chắn liệu kế hoạch tăng chi tiêu quốc phòng của các chính phủ châu Âu sẽ có ảnh hưởng ra sao đến nền kinh tế.
Sau cuộc họp ngày 5/6, ECB không đưa ra tín hiệu nào về đường đi của lãi suất trong thời gian tới, khiến giới phân tích không thể đưa ra dự báo đồng nhất về việc các nhà hoạch định chính sách tiền tệ ở Frankfurt sẽ làm gì tiếp theo.
“ECB ngày hôm nay hạ lãi suất, nhưng chúng tôi không cho là họ sẽ lại hạ lãi suất vào tháng tới”, nhà kinh tế trưởng Iren Lauro của công ty Schroders nhận định trong một báo cáo. Bà Lauro cho rằng hiện chưa có dấu hiệu nào cho thấy thuế quan khiến tăng trưởng kinh tế eurozone suy giảm, nên ECB có thể sẽ tạm dừng việc giảm lãi suất.
“Lãi suất đã giảm về điểm giữ của khoảng lãi suất trung tính theo ước tính của ECB, nên khả năng tiếp tục giảm lãi suất đã giảm xuống. ECB đã có thể chuyển trạng thái từ cấp bách sang kiên nhẫn”, bà nhận định.
Một số nhà phân tích khác lập luận rằng lãi suất nên giảm xuống thấp hơn vì áp lực lạm phát đang ngày càng suy yếu.
“Với áp lực lạm phát giảm nhanh và các trở ngại đối với tăng trưởng đang nổi lên, ECB đang đánh giá thấp rủi ro của việc lạm phát đuối so với mục tiêu”, nhà phân tích Natasha May của công ty JPMorgan Asset Management nhận định, cho rằng ECB có thể tạm dừng việc giảm lãi suất trong tháng 7 nhưng một đợt giảm lãi suất nữa trong năm nay là một khả năng rõ ràng."
17,2025-06-05,Tâm lý nhà đầu tư vẫn thận trọng nên chỉ số VN-Index có thể chưa thể vượt mức kháng cự 1.343 điểm,https://vneconomy.vn/tam-ly-nha-dau-tu-van-than-trong-nen-chi-so-vn-index-co-the-chua-the-vuot-muc-khang-cu-1-343-diem.htm,"VnEconomy giới thiệu nhận định và khuyến nghị đầu tư của một số công ty chứng khoán về diễn biến thị trường ngày 6/6/2025
Kết phiên 5/6, VN-Index giảm 3,65 điểm, tương đương 0,27% xuống mốc 1.342,09 điểm. Cùng chiều, Hnx-Index tăng 0,36 điểm, tương đương 0,83% xuống 231,19 điểm.
Thị trường tiếp tục duy trì trạng thái dao động giằng co
(Công ty Cổ phần Chứng khoán Bảo Việt – BVSC)
“Thị trường tiếp tục duy trì trạng thái dao động giằng co, neo giữ quanh vùng đỉnh cũ 1.345-1.355 điểm trong phiên còn lại của tuần. Song song với đó sẽ tiếp tục là sự phân hóa rõ nét giữa các nhóm cổ phiếu, diễn biến luân phiên tăng điểm của từng phân lớp cổ phiếu theo nhóm ngành, nhóm vốn hóa sẽ tiếp tục diễn ra ngay cả khi thị trường rung lắc, điều chỉnh trong giai đoạn hiện tại.
Nhà đầu tư tiếp tục duy trì trạng thái nắm giữ cổ phiếu và đặt các lệnh trailing stop cho các vị thế ngắn hạn đang có trong danh mục để bảo toàn lợi nhuận. Đồng thời xem xét bán chốt lời từng phần giảm tỷ trọng danh mục khi VN-Index tiến vào vùng kháng cự 1.350-1.365 điểm.
Các hoạt động mua trading nên ưu tiên lợi thế về T+ và chỉ thực hiện với tỷ trọng thấp ở các nhịp thị trường rung lắc mạnh trong phiên”.
Xu hướng giằng co quanh ngưỡng 1.340 vẫn chưa có dấu hiệu kết thúc
(Công ty Cổ phần Chứng khoán Ngân hàng Đầu tư và Phát triển Việt Nam - BSC)
""VN-Index tiếp tục giảm gần 4 điểm trong ngày hôm nay với xu hướng chủ đạo là giằng co. Chỉ số đóng cửa tại mốc 1,342.09 điểm. Độ rộng thị trường khá cân bằng với 10/18 ngành giảm điểm, trong đó ngành Bảo hiểm giảm mạnh nhất trên 1%, các ngành còn lại biến động dưới 1%.
Về giao dịch của khối ngoại, hôm nay khối này bán ròng trên sàn HSX và mua ròng nhẹ trên sàn HNX. Xu hướng giằng co quanh ngưỡng 1.340 vẫn chưa có dấu hiệu kết thúc. Nhà đầu tư nên tiếp tục giao dịch cẩn trọng khi chỉ số vẫn chưa rõ xu hướng tại vùng kháng cự cũ”.
Xu hướng ngắn hạn của VN-Index duy trì tiêu cực
(Công ty Cổ phần Chứng khoán Sài Gòn - Hà Nội - SHS)
""Xu hướng ngắn hạn VN-Index tăng trưởng trên hỗ trợ gần nhất 1.330 điểm, hỗ trợ mạnh hơn quanh 1.300 điểm tương ứng vùng giá cao nhất năm 2024. VN-Index đang ở trong vùng giá cao nhất tháng 3/2025 quanh 1343 điểm. Trong trường hợp tích cực khi rung lắc, kiểm định lại thành công thì giá mục tiêu của VN-Index sẽ mở rộng lên 1.370 điểm - 1.380 điểm tương ứng đường xu hướng nối các vùng giá cao nhất các năm 2023, 2024 và tháng 3/2025. Tuy nhiên nếu VN-Index không giữ được hỗ trợ ngắn hạn 1330+- trong những phiên tiếp theo thì áp lực bán ngắn hạn có thể gia tăng, kết thúc xu hướng tăng trưởng ngắn hạn sau khi phục hồi mạnh từ vùng đáy.
Trong ngắn hạn thị trường đang có tính chất xoay vòng, luân chuyển nhanh. Tìm kiếm các cơ hội ngắn hạn trong các nhóm ngành, cũng như trong VN30 đối với các mã, nhóm mã chưa tăng nhiều, tích lũy tốt với kỳ vọng sẽ tiếp tục phục hồi lên vùng giá trước khi thị trường giảm mạnh. Tuy nhiên mức độ rủi ro thua lỗ ngắn hạn vẫn ở mức cao và gia tăng khi rất nhiều mã đã suy yếu, chịu áp lực bán mạnh. Chúng tôi không có khuyến nghị gia tăng thêm ti trọng ở vùng giá hiện tại. Nhà đầu tư nên xem xét đánh giá kỹ danh mục ngắn hạn hiện có. Các vị thể giải ngân chọn lọc cẩn trọng, phụ thuộc vào triển vọng tăng trưởng.
Nhà đầu tư duy trì tỉ trọng hợp lý. Mục tiêu đầu tư hướng tới các mã có nền tảng cơ bản tốt, đầu ngành trong các ngành chiến lược, tăng trưởng vượt trội của nền kinh tế"".
Tâm lý nhà đầu tư vẫn thận trọng nên chỉ số VN-Index có thể chưa thể vượt mức kháng cự 1.343 điểm
(Công ty Chứng khoán Yuanta Việt Nam – YSVN)
“Chúng tôi cho rằng thị trường có thể sẽ tiếp tục còn biến động hẹp và chỉ số VN-Index vẫn sẽ thử thách vùng hỗ trợ 1.336 – 1.340 điểm trong phiên kế tiếp. Đồng thời, chúng tôi lưu ý rủi ro ngắn hạn vẫn ở mức cao, đặc biệt tâm lý nhà đầu tư vẫn thận trọng với diễn biến thị trường hiện tại cho nên chỉ số VN-Index có thể chưa thể vượt mức kháng cự 1.343 điểm.
Trong tuần tới, thị trường sẽ dần chịu tác động từ cuộc đàm phán thương mại giữa Mỹ với các quốc gia, chính yếu tố này đang khiến thị trường đang dần thận trọng trở lại trong thời gian gần đây.
Chiến lược ngắn hạn (dưới 1 tháng): Xu hướng ngắn hạn của thị trường chung vẫn duy trì ở mức TĂNG. Do đó, chúng tôi khuyến nghị các nhà đầu tư vẫn tiếp tục nắm giữ tỷ trọng cổ phiếu ở mức 55 – 60% danh mục ngắn hạn và hạn chế mua mới trong giai đoạn này”.
Diễn biến rung lắc của VN-Index trong ngắn hạn vẫn còn hiện hữu
(Công ty TNHH Chứng khoán Ngân hàng TMCP Ngoại thương Việt Nam - VCBS)
“VN Index tiếp tục rung lắc quanh vùng hỗ trợ ngắn hạn 1340-1350 với biên độ +/- khoảng 5 điểm.
Trên khung đồ thị ngày, chỉ báo RSI tiếp tục duy trì trong biên độ hẹp tiệm cận vùng cao, cùng với đường MACD đã tạo đỉnh và dần cắt xuống đường Signal cho thấy diễn biến rung lắc trong ngắn hạn vẫn còn hiện hữu. Chỉ báo CMF hiện đang suy yếu dần và tạo các đỉnh thấp hơn, cho thấy lực mua đang giảm và dòng tiền có dấu hiệu suy yếu. Vùng hỗ trợ gần nhất của chỉ số chung là 1.330 điểm.
Trên khung đồ thị giờ, chỉ số chung rơi xuống dưới đường MA20, về mốc hỗ trợ 1340, tuy nhiên đã quay lại giao cắt với đường trung bình này ngay trong phiên. Đồng thời hai đường +/-DI vận động đan xen nên khả năng cao thị trường sẽ tiếp tục vận động giằng co/rung lắc trong những phiên tới.
Thanh khoản phiên hôm nay giảm khoảng 20% so với phiên hôm qua cùng với sự gia tăng của áp lực bán thể hiện sự thận trọng hơn của nhà đầu tư. Với diễn biến hiện tại, chúng tôi khuyến nghị nhà đầu tư nên hiện thực hóa lợi nhuận ngắn hạn đối với những mã đã đạt mục tiêu. Bên cạnh đó, nhà đầu tư cũng nên chủ động quan sát diễn biến thị trường chung và chọn lọc cổ phiếu có tín hiệu thu hút dòng tiền sau thời gian điều chỉnh về vùng giá thấp, và có thể giải ngân thăm dò tỉ trọng nhỏ ở các nhịp rung lắc trong các phiên tiếp theo”.
Quá trình tích lũy quanh vùng đỉnh cũ 1.340 – 1.350 của VN-Index có thể duy trì
(Công ty Cổ phần Chứng khoán SSI – SSI)
“VN-Index đóng cửa ở ngưỡng 1.342,09 điểm giảm 3,65 điểm (-0,27%). KLGD khớp lệnh 757 triệu CP.
Nhịp rung lắc của VN-Index diễn ra khá lành mạnh với thanh khoản thu hẹp về mức thấp và chưa làm gián đoạn xu hướng Tăng ngắn hạn trên vùng 1.320.
Quá trình tích lũy quanh vùng đỉnh cũ 1.340 – 1.350 có thể duy trì, chờ đợi thêm tín hiệu xác nhận cho diễn biến tiếp theo của chỉ số”.
Nhận định thị trường của các công ty chứng khoán được VnEconomy trích dẫn chỉ có giá trị như một nguồn thông tin tham khảo. Các công ty chứng khoán có thể có những xung đột lợi ích đối với các nhà đầu tư khi đưa ra nhận định."
18,2025-06-05,"Thanh khoản sụt giảm mạnh, dòng tiền co cụm ở cổ phiếu nhỏ",https://vneconomy.vn/thanh-khoan-sut-giam-manh-dong-tien-co-cum-o-co-phieu-nho.htm,"Thị trường tiếp tục không thể hiện một chút tín hiệu nào về khả năng đột phá, dù VN-Index vẫn đang “neo” trên mốc 1340 điểm. Loạt cổ phiếu blue-chips lớn nhất quay đầu điều chỉnh là nguyên nhân chính. Trong khi đó dòng tiền tổng thể cũng sụt giảm đáng kể và cơ hội chỉ còn co cụm ở số ít cổ phiếu vừa hoặc nhỏ.
VN-Index mở cửa sáng nay đã có tín hiệu yếu ớt khi tăng không đáng kể và cũng chỉ kéo dài chừng 30 phút đầu tiên. Toàn thời gian còn lại chỉ số trượt giảm và kết phiên sáng để mất 4,28 điểm tương đương -0,32%. Lúc thấp nhất chỉ số này còn rơi xuống 1338,31 điểm, nhưng sau đó vẫn hồi lại 1341,46 điểm.
Tất cả 10 cổ phiếu vốn hóa lớn nhất của VN-Index đều đang đỏ. Giảm đáng kể nhất là VIC -1,33%, VHM -1,56% và GAS -1,23%. Thậm chí toàn rổ VN30 chỉ còn 8 mã tăng/19 mã giảm. VN30-Index đang giảm 0,25%. Chỉ riêng 3 cổ phiếu lớn nói trên đã lấy đi 2,8 điểm khỏi VN-Index và 4 điểm khỏi VN30-Index.
Dù độ rộng kém nhưng nhóm blue-chips vẫn chưa quá yếu. Ngoài VIC, VHM, GAS, rổ này chỉ thêm BVH giảm 1,95%, VRE giảm 1,11% là mạnh. Ngược lại phía tăng cũng chỉ có GVR tăng 1,54%, MSN tăng 1,4%, MWG tăng 1,14% và STB tăng 1,1% là đáng kể.
Hiện tượng giằng co và suy yếu của nhóm blue-chips không hẳn phụ thuộc vào diễn biến của nhóm Vin. Thanh khoản tổng thể của nhóm này đang giảm đi nhanh chóng, sáng nay giá trị khớp lệnh chỉ đạt 3.403 tỷ đồng, thấp hơn sáng hôm qua 12% và là kém nhất 4 tuần.
Toàn bộ 30 mã trong rổ đều có tín hiệu suy yếu từ phía mua, bất kể là giá còn trên hay dưới tham chiếu. Biên độ trượt giá trong phiên là khác nhau nhưng không mã nào còn giữ được mức cao nhất. Hai trụ VIC và VHM trượt giảm tương ứng 1,33% và 1,43% so với giá đỉnh đầu ngày. GAS, CTG, TCB là các trụ khác cũng trả lại thị trường hơn 1% biên độ và quay đầu xuống dưới tham chiếu.
Độ rộng sàn HoSE bắt đầu nghiêng nhiều hơn về phía đỏ với 134 mã giảm/158 mã tăng, chủ yếu do hiện tượng chốt lời luân phiên ở các cổ phiếu vừa và nhỏ. Sáng nay vẫn khá nhiều cổ phiếu ở hai nhóm này xuất sắc. DXS, HAP, HTN kịch trần, trong đó DXS giao dịch rất lớn, mới phiên sáng đã lập kỷ lục kể từ đầu tháng 6/2024. Cổ phiếu này có phiên kịch trần thứ hai liên tiếp và giá quay về vùng đỉnh 12 tháng, kích thích áp lực chốt lời mạnh. Loạt cổ phiếu khác nổi bật là DRC tăng 5,49%, SAV tăng 4,94%, DRH tăng 4,4%, CIG tăng 4,21%, PVP tăng 4,11%, VGC tăng 3,85%, OGC tăng 3,12%, VTP tăng 3,11%. Số này hầu hết chỉ giao dịch được vài tỷ đồng thanh khoản, số ít đạt mức vài chục tỷ nhưng nhìn chung phần lớn các mã mạnh nhất đều không có đột biến về thah khoản.
Dù vậy nhóm smallcap vẫn đang là “địa chỉ” thu hút dòng tiền nổi bật, dù giá trị khớp lệnh tuyệt đối chỉ khoảng 1.308 tỷ đồng. Nhìn theo thị phần, nhóm này chiếm 15,5% tổng giao dịch khớp lệnh sàn HoSE là tỷ trọng rất cao. Phiên gần nhất rổ smallcap đạt thị phần trên 16% là ngày 17/1/2025.
Nhìn từ góc độ thanh khoản, vẫn có khá nhiều cổ phiếu tâm trung lọt vào nhóm tăng giá tốt nhất. HHV tăng 2,39% khớp 200,5 tỷ đồng; DGC tăng 1% với 95,1 tỷ; CTD tăng 1,97% với 82,8 tỷ; VTP tăng 3,11% với 75,6 tỷ… Nhóm blue-chips đóng góp MSN, STB, MWG khớp trên trăm tỷ đồng. Toàn sàn HoSE hiện còn 69 cổ phiếu tăng từ 1% trở lên trong đó giao dịch dồn vào 25 mã hàng đầu với thanh khoản trên 10 tỷ đồng.
Ở phía giảm, tình hình cũng chưa đến nỗi bi đát nhưng cũng kém rõ rệt: 74 cổ phiếu đang giảm hơn 1% nhưng tổng thanh khoản chiếm 30,3% sàn HoSE. Gần chục mã đã xuất hiện giao dịch vượt 100 tỷ đồng như VIX giảm 1,42%, GEX giảm 2,3%, DXG giảm 1,88%, NVL giảm 1,41%, VND giảm 1,16%, HAH giảm 2,63%, HHS giảm 3,04%... Chỉ số Midcap đang giảm 0,48%, Smallcap giảm 0,13% cho thấy ngay trong nhóm vừa và nhỏ cũng phân hóa rất nhiều. Dòng tiền dù còn sôi động ở một số mã nhưng không có nghĩa là lan tỏa toàn bộ.
Tổng giá trị khớp lệnh hai sàn niêm yết sáng nay giảm 17% so với sáng hôm qua, lần đầu tiên sau 3 tuần rơi xuống dưới mức 10.000 tỷ đồng. Riêng HoSE giảm 18% với giao dịch giảm ở tất cả các nhóm cổ phiếu. Điều này càng làm nổi bật sự co cụm giao dịch ở một vài cổ phiếu hơn là tổng thể.
Khối ngoại cũng đang giảm cường độ giao dịch rất nhiều. Cụ thể, khối này chỉ mua vào 668,6 tỷ đồng trên HoSE, giảm 40% so với sáng hôm qua và kém nhất 5 tuần. Giá trị bán ròng khoảng 324 tỷ đồng chủ yếu do giảm mua, vì mức bán ra cũng giảm 14%. Các mã bị bán ròng chủ đạo là VIX -54,7 tỷ, STB -54,6 tỷ, VIC -34,1 tỷ, HDB -22,8 tỷ, VHM -22,8 tỷ, HPG -21,5 tỷ. Phía mua ròng có MSN +54,7 tỷ, MWG +26,3 tỷ."
